home_team,away_team,datetime,nationality,age,minutes,gk_shots_on_target_against,gk_goals_against,gk_saves,gk_save_pct,gk_psxg,gk_passes_completed_launched,gk_passes_launched,gk_passes_pct_launched,gk_passes,gk_passes_throws,gk_pct_passes_launched,gk_passes_length_avg,gk_goal_kicks,gk_pct_goal_kicks_launched,gk_goal_kick_length_avg,gk_crosses,gk_crosses_stopped,gk_crosses_stopped_pct,gk_def_actions_outside_pen_area,gk_avg_distance_def_actions,player_id,player,squad,start
Bayern Munich,Schalke 04,1600453800,de GER,34-175,90,1,0,1,100.0,0.0,1,1,100.0,36,8,2.8,21.1,1,0.0,30.0,5,0,0.0,1,26.0,8778c910,Manuel Neuer,Bayern Munich,True
Köln,Hoffenheim,1600522200,de GER,27-130,90,7,3,4,71.4,3.3,11,18,61.1,50,3,30.0,30.2,7,42.9,30.4,11,0,0.0,6,23.3,3cd9e95a,Timo Horn,Köln,True
Union Berlin,Augsburg,1600522200,de GER,33-193,90,5,3,2,40.0,1.4,3,10,30.0,37,4,18.9,27.1,5,60.0,47.4,7,0,0.0,0,8.3,7fe12375,Andreas Luthe,Union Berlin,True
Stuttgart,Freiburg,1600522200,ch SUI,22-288,90,5,3,2,40.0,1.4,3,4,75.0,37,4,10.8,20.9,2,0.0,16.0,5,0,0.0,2,24.3,cd59b9df,Gregor Kobel,Stuttgart,True
Werder Bremen,Hertha BSC,1600522200,cz CZE,28-158,90,6,4,2,33.3,1.9,5,9,55.6,16,7,37.5,32.1,8,37.5,47.1,11,1,9.1,0,4.5,0a1cb833,Jiří Pavlenka,Werder Bremen,True
Eintracht Frankfurt,Arminia,1600522200,de GER,30-073,90,4,1,3,75.0,1.4,7,13,53.8,31,6,32.3,27.4,7,42.9,34.6,9,0,0.0,4,22.2,ce17b5eb,Kevin Trapp,Eintracht Frankfurt,True
Dortmund,Mönchengladbach,1600533000,ch SUI,29-310,90,2,0,2,100.0,0.3,3,9,33.3,23,5,26.1,29.1,6,50.0,42.2,11,1,9.1,0,10.0,9d12e142,Roman Bürki,Dortmund,True
RB Leipzig,Mainz 05,1600608600,hu HUN,30-137,90,1,1,0,0.0,0.9,3,4,75.0,34,2,11.8,23.3,4,0.0,18.3,13,0,0.0,1,23.0,bcb2ccd8,Péter Gulácsi,RB Leipzig,True
Wolfsburg,Bayer Leverkusen,1600617600,be BEL,28-087,90,3,0,3,100.0,0.1,9,24,37.5,41,4,48.8,38.5,5,80.0,50.4,14,1,7.1,0,5.5,db401046,Koen Casteels,Wolfsburg,True
Hertha BSC,Eintracht Frankfurt,1601058600,de GER,28-115,90,3,3,0,33.3,1.8,4,6,66.7,23,2,21.7,28.3,10,10.0,27.1,11,0,0.0,2,24.0,0d55d942,Alexander Schwolow,Hertha BSC,True
Augsburg,Dortmund,1601127000,pl POL,32-336,90,6,0,6,100.0,2.1,7,17,41.2,18,7,50.0,37.3,11,72.7,58.5,30,0,0.0,1,17.5,17376543,Rafał Gikiewicz,Augsburg,True
Bayer Leverkusen,RB Leipzig,1601127000,fi FIN,30-307,90,2,1,1,50.0,0.5,6,11,54.5,36,3,27.8,31.4,6,16.7,19.2,10,0,0.0,4,19.7,ad3389d5,Lukáš Hrádecký,Bayer Leverkusen,True
Mönchengladbach,Union Berlin,1601127000,ch SUI,31-284,90,2,1,1,50.0,0.6,4,6,66.7,25,4,24.0,22.2,7,0.0,18.0,12,0,0.0,1,27.0,420c18a1,Yann Sommer,Mönchengladbach,True
Mainz 05,Stuttgart,1601127000,de GER,25-334,90,7,4,3,42.9,3.9,0,7,0.0,39,5,15.4,27.5,8,12.5,22.4,18,0,0.0,3,17.7,5c4bf6ba,Robin Zentner,Mainz 05,True
Arminia,Köln,1601127000,de GER,27-325,90,2,0,2,100.0,0.8,15,20,75.0,58,2,32.8,32.9,5,20.0,27.8,19,1,5.3,2,16.0,c1242d4e,Stefan Ortega,Arminia,True
Schalke 04,Werder Bremen,1601137800,de GER,31-365,90,7,3,4,71.4,2.4,3,9,33.3,32,6,21.9,27.0,7,28.6,31.7,14,0,0.0,4,20.0,1e43fad8,Ralf Fährmann,Schalke 04,True
Hoffenheim,Bayern Munich,1601213400,de GER,30-117,90,3,1,2,66.7,0.8,9,31,29.0,28,2,75.0,50.9,17,58.8,41.5,24,1,4.2,3,18.8,47064058,Oliver Baumann,Hoffenheim,True
Freiburg,Wolfsburg,1601222400,de GER,22-319,90,2,1,1,50.0,0.8,3,11,27.3,25,2,20.0,27.2,10,60.0,46.2,4,0,0.0,0,1.0,cbac6ec9,Florian Müller,Freiburg,True
Union Berlin,Mainz 05,1601663400,de GER,33-206,90,0,0,0,,0.0,3,17,17.6,27,2,44.4,40.9,6,83.3,57.0,10,1,10.0,1,15.3,7fe12375,Andreas Luthe,Union Berlin,True
Stuttgart,Bayer Leverkusen,1601731800,ch SUI,22-302,90,6,1,5,83.3,2.0,6,17,35.3,33,7,39.4,35.3,13,30.8,31.3,20,0,0.0,1,16.7,cd59b9df,Gregor Kobel,Stuttgart,True
Dortmund,Freiburg,1601731800,ch SUI,33-015,90,2,0,2,100.0,0.3,4,6,66.7,32,6,15.6,25.1,3,33.3,26.7,9,0,0.0,1,16.7,2e7ff968,Marwin Hitz,Dortmund,True
Köln,Mönchengladbach,1601731800,de GER,27-144,90,10,3,7,80.0,2.5,6,16,37.5,31,5,48.4,39.9,2,50.0,47.5,15,0,0.0,2,15.0,3cd9e95a,Timo Horn,Köln,True
Werder Bremen,Arminia,1601731800,cz CZE,28-172,90,4,0,4,100.0,0.9,11,22,50.0,28,6,57.1,44.7,6,100.0,67.2,10,0,0.0,2,22.5,0a1cb833,Jiří Pavlenka,Werder Bremen,True
Eintracht Frankfurt,Hoffenheim,1601731800,de GER,30-087,90,4,1,3,75.0,1.3,11,20,55.0,36,8,44.4,34.2,7,57.1,47.7,14,1,7.1,3,18.4,ce17b5eb,Kevin Trapp,Eintracht Frankfurt,True
RB Leipzig,Schalke 04,1601742600,hu HUN,30-150,90,1,0,1,100.0,0.4,0,1,0.0,21,4,4.8,22.7,4,0.0,18.0,2,0,0.0,1,17.5,bcb2ccd8,Péter Gulácsi,RB Leipzig,True
Wolfsburg,Augsburg,1601818200,be BEL,28-101,90,1,0,1,100.0,0.3,2,6,33.3,26,5,15.4,27.5,4,50.0,42.0,8,0,0.0,3,23.2,db401046,Koen Casteels,Wolfsburg,True
Bayern Munich,Hertha BSC,1601827200,de GER,34-191,90,5,3,2,40.0,1.8,4,4,100.0,20,2,15.0,23.1,5,20.0,31.2,13,0,0.0,1,20.7,8778c910,Manuel Neuer,Bayern Munich,True
Augsburg,RB Leipzig,1602941400,pl POL,32-357,90,4,2,2,50.0,1.8,6,18,33.3,36,5,41.7,35.0,8,37.5,32.4,18,1,5.6,0,8.5,17376543,Rafał Gikiewicz,Augsburg,True
Freiburg,Werder Bremen,1602941400,de GER,22-339,90,4,1,3,100.0,1.4,4,8,50.0,17,2,23.5,30.2,9,44.4,43.2,11,0,0.0,0,11.5,cbac6ec9,Florian Müller,Freiburg,True
Hoffenheim,Dortmund,1602941400,de GER,30-137,90,4,1,3,75.0,0.7,4,15,26.7,43,6,32.6,30.3,6,16.7,25.5,11,0,0.0,3,26.8,47064058,Oliver Baumann,Hoffenheim,True
Hertha BSC,Stuttgart,1602941400,de GER,28-137,90,2,2,0,0.0,0.7,6,10,60.0,38,10,23.7,31.4,8,12.5,21.9,11,0,0.0,1,21.5,0d55d942,Alexander Schwolow,Hertha BSC,True
Mainz 05,Bayer Leverkusen,1602941400,de GER,25-355,90,5,1,4,80.0,0.5,8,18,44.4,30,6,43.3,34.5,8,62.5,44.9,12,2,16.7,2,16.8,5c4bf6ba,Robin Zentner,Mainz 05,True
Arminia,Bayern Munich,1602952200,de GER,27-346,90,9,4,5,55.6,3.4,9,21,42.9,45,4,44.4,39.5,8,12.5,23.4,27,1,3.7,0,8.4,c1242d4e,Stefan Ortega,Arminia,True
Mönchengladbach,Wolfsburg,1602959400,ch SUI,31-305,90,6,1,5,83.3,1.1,2,9,22.2,27,4,29.6,32.0,7,14.3,20.7,13,0,0.0,0,13.5,420c18a1,Yann Sommer,Mönchengladbach,True
Köln,Eintracht Frankfurt,1603027800,de GER,27-159,90,4,1,3,100.0,1.1,11,22,50.0,27,1,55.6,39.5,9,77.8,50.4,19,1,5.3,0,14.3,3cd9e95a,Timo Horn,Köln,True
Schalke 04,Union Berlin,1603036800,dk DEN,28-075,90,6,1,5,83.3,1.6,5,13,38.5,28,6,21.4,28.1,11,63.6,47.7,14,0,0.0,0,,a70b8345,Frederik Rønnow,Schalke 04,True
Stuttgart,Köln,1603477800,ch SUI,22-322,90,4,1,3,100.0,1.9,7,11,63.6,23,4,34.8,28.6,10,30.0,29.8,25,0,0.0,1,13.3,cd59b9df,Gregor Kobel,Stuttgart,True
Mainz 05,Mönchengladbach,1603546200,de GER,25-362,90,11,3,8,81.8,4.9,5,24,20.8,43,7,39.5,35.4,7,100.0,75.3,16,0,0.0,3,21.8,5c4bf6ba,Robin Zentner,Mainz 05,True
Union Berlin,Freiburg,1603546200,de GER,33-228,90,4,1,3,75.0,0.8,7,18,38.9,29,4,51.7,40.2,4,75.0,50.3,10,0,0.0,0,14.0,7fe12375,Andreas Luthe,Union Berlin,True
Bayern Munich,Eintracht Frankfurt,1603546200,de GER,34-211,90,2,0,2,100.0,0.4,2,8,25.0,51,10,13.7,29.3,7,14.3,24.6,12,0,0.0,4,21.0,8778c910,Manuel Neuer,Bayern Munich,True
RB Leipzig,Hertha BSC,1603546200,hu HUN,30-171,90,2,1,1,50.0,0.8,0,3,0.0,17,1,17.6,29.5,7,0.0,23.4,4,1,25.0,3,15.0,bcb2ccd8,Péter Gulácsi,RB Leipzig,True
Dortmund,Schalke 04,1603557000,ch SUI,29-345,90,0,0,0,,0.0,1,6,16.7,24,1,25.0,31.3,2,0.0,26.0,2,0,0.0,0,16.0,9d12e142,Roman Bürki,Dortmund,True
Wolfsburg,Arminia,1603636200,be BEL,28-122,90,1,1,0,0.0,0.5,7,19,36.8,36,8,38.9,34.4,5,100.0,65.2,13,2,15.4,0,8.7,db401046,Koen Casteels,Wolfsburg,True
Werder Bremen,Hoffenheim,1603645200,cz CZE,28-194,90,4,1,3,75.0,0.8,0,7,0.0,28,7,14.3,27.4,8,37.5,43.4,21,1,4.8,0,9.4,0a1cb833,Jiří Pavlenka,Werder Bremen,True
Bayer Leverkusen,Augsburg,1603740600,fi FIN,30-337,90,3,1,2,66.7,0.2,4,15,26.7,37,6,32.4,32.5,5,60.0,39.2,5,0,0.0,0,4.0,ad3389d5,Lukáš Hrádecký,Bayer Leverkusen,True
Schalke 04,Stuttgart,1604086200,dk DEN,28-087,90,8,1,7,100.0,1.4,7,7,100.0,30,10,16.7,27.6,8,25.0,33.1,12,1,8.3,1,12.0,a70b8345,Frederik Rønnow,Schalke 04,True
Eintracht Frankfurt,Werder Bremen,1604154600,de GER,30-115,90,4,1,3,75.0,0.9,3,5,60.0,30,6,16.7,24.1,6,0.0,16.8,9,0,0.0,2,20.5,ce17b5eb,Kevin Trapp,Eintracht Frankfurt,True
Augsburg,Mainz 05,1604154600,pl POL,33-005,90,4,1,3,75.0,0.7,4,11,36.4,46,7,17.4,27.9,10,30.0,34.5,10,0,0.0,1,17.3,17376543,Rafał Gikiewicz,Augsburg,True
Köln,Bayern Munich,1604154600,de GER,27-172,90,4,2,2,75.0,1.2,12,26,46.2,34,2,58.8,40.1,11,54.5,42.4,10,0,0.0,1,31.0,3cd9e95a,Timo Horn,Köln,True
Arminia,Dortmund,1604154600,de GER,27-360,90,10,2,8,80.0,1.8,13,30,43.3,38,5,57.9,43.2,10,80.0,56.0,20,0,0.0,0,17.0,c1242d4e,Stefan Ortega,Arminia,True
Mönchengladbach,RB Leipzig,1604165400,ch SUI,31-319,90,3,0,3,100.0,0.6,5,16,31.3,39,5,28.2,33.3,13,38.5,39.2,14,1,7.1,0,12.0,420c18a1,Yann Sommer,Mönchengladbach,True
Freiburg,Bayer Leverkusen,1604241000,de GER,22-354,90,7,4,3,42.9,2.2,6,18,33.3,37,4,45.9,40.0,4,25.0,41.8,13,0,0.0,0,,cbac6ec9,Florian Müller,Freiburg,True
Hertha BSC,Wolfsburg,1604250000,de GER,28-152,90,4,1,3,75.0,0.9,4,6,66.7,24,4,16.7,31.8,7,28.6,30.6,13,0,0.0,3,20.0,0d55d942,Alexander Schwolow,Hertha BSC,True
Hoffenheim,Union Berlin,1604345400,de GER,30-153,90,6,3,3,66.7,3.5,3,10,30.0,41,7,19.5,26.7,9,22.2,25.7,10,0,0.0,5,25.3,47064058,Oliver Baumann,Hoffenheim,True
Werder Bremen,Köln,1604691000,cz CZE,28-206,90,1,1,1,0.0,0.0,1,2,50.0,18,3,11.1,20.8,1,0.0,21.0,9,0,0.0,0,5.0,0a1cb833,Jiří Pavlenka,Werder Bremen,True
Union Berlin,Arminia,1604759400,de GER,33-242,90,1,0,1,100.0,0.7,7,8,87.5,34,5,20.6,27.4,2,50.0,41.0,10,1,10.0,0,4.5,7fe12375,Andreas Luthe,Union Berlin,True
Augsburg,Hertha BSC,1604759400,pl POL,33-012,90,5,3,2,60.0,2.9,2,9,22.2,28,9,28.6,29.6,8,12.5,26.0,10,1,10.0,2,23.3,17376543,Rafał Gikiewicz,Augsburg,True
RB Leipzig,Freiburg,1604759400,hu HUN,30-185,90,3,0,3,100.0,0.4,4,10,40.0,36,6,19.4,27.9,6,50.0,39.5,13,0,0.0,0,17.0,bcb2ccd8,Péter Gulácsi,RB Leipzig,True
Stuttgart,Eintracht Frankfurt,1604759400,ch SUI,22-337,90,6,2,4,66.7,2.2,4,12,33.3,26,6,38.5,32.5,9,22.2,22.4,24,1,4.2,0,4.0,cd59b9df,Gregor Kobel,Stuttgart,True
Mainz 05,Schalke 04,1604759400,de GER,26-010,90,3,2,2,33.3,1.2,3,18,16.7,23,8,39.1,35.0,9,100.0,69.7,17,1,5.9,1,10.7,5c4bf6ba,Robin Zentner,Mainz 05,True
Dortmund,Bayern Munich,1604770200,ch SUI,29-359,90,7,3,4,57.1,2.4,2,9,22.2,23,6,34.8,32.9,7,14.3,21.4,17,0,0.0,0,7.0,9d12e142,Roman Bürki,Dortmund,True
Wolfsburg,Hoffenheim,1604845800,be BEL,28-136,90,5,1,3,80.0,2.1,11,23,47.8,25,5,60.0,40.0,10,80.0,55.4,26,0,0.0,0,5.5,db401046,Koen Casteels,Wolfsburg,True
Bayer Leverkusen,Mönchengladbach,1604854800,fi FIN,30-350,90,6,3,3,66.7,2.9,3,16,18.8,59,5,23.7,28.8,5,40.0,39.8,8,1,12.5,3,23.3,ad3389d5,Lukáš Hrádecký,Bayer Leverkusen,True
Mönchengladbach,Augsburg,1605969000,ch SUI,31-340,90,5,1,4,80.0,1.3,2,10,20.0,36,3,25.0,27.7,4,25.0,42.8,9,0,0.0,0,9.0,420c18a1,Yann Sommer,Mönchengladbach,True
Hoffenheim,Stuttgart,1605969000,de GER,30-172,90,8,3,5,62.5,2.3,3,13,23.1,27,6,40.7,32.1,8,25.0,32.6,12,0,0.0,4,21.4,47064058,Oliver Baumann,Hoffenheim,True
Arminia,Bayer Leverkusen,1605969000,de GER,28-015,90,4,2,2,50.0,1.2,8,24,33.3,42,4,45.2,39.2,5,100.0,57.0,30,1,3.3,1,12.5,c1242d4e,Stefan Ortega,Arminia,True
Schalke 04,Wolfsburg,1605969000,dk DEN,28-109,90,7,2,5,71.4,2.7,2,11,18.2,29,8,31.0,28.7,9,22.2,27.0,10,1,10.0,1,11.0,a70b8345,Frederik Rønnow,Schalke 04,True
Bayern Munich,Werder Bremen,1605969000,de GER,34-239,90,3,1,2,66.7,2.3,2,2,100.0,17,2,11.8,26.8,4,0.0,30.8,9,0,0.0,4,31.5,8778c910,Manuel Neuer,Bayern Munich,True
Eintracht Frankfurt,RB Leipzig,1605979800,de GER,30-136,90,2,1,1,50.0,0.8,9,29,31.0,45,10,51.1,36.9,7,85.7,54.0,16,0,0.0,3,21.5,ce17b5eb,Kevin Trapp,Eintracht Frankfurt,True
Hertha BSC,Dortmund,1605987000,de GER,28-172,90,8,5,3,37.5,4.0,4,10,40.0,26,2,30.8,31.0,7,28.6,29.7,5,0,0.0,0,,0d55d942,Alexander Schwolow,Hertha BSC,True
Freiburg,Mainz 05,1606055400,de GER,23-009,90,8,3,5,62.5,2.6,0,6,0.0,35,1,2.9,20.2,9,55.6,47.7,9,0,0.0,1,18.0,cbac6ec9,Florian Müller,Freiburg,True
Köln,Union Berlin,1606064400,de GER,27-194,90,3,2,0,33.3,1.9,5,13,38.5,33,8,36.4,32.4,2,50.0,36.5,16,0,0.0,0,15.0,3cd9e95a,Timo Horn,Köln,True
Wolfsburg,Werder Bremen,1606505400,be BEL,28-155,90,4,3,2,25.0,2.2,3,4,75.0,22,5,13.6,23.2,4,25.0,31.5,13,3,23.1,1,14.8,db401046,Koen Casteels,Wolfsburg,True
Stuttgart,Bayern Munich,1606573800,ch SUI,22-358,90,6,3,3,50.0,1.1,2,4,50.0,28,10,10.7,22.9,7,14.3,21.3,16,0,0.0,0,12.0,cd59b9df,Gregor Kobel,Stuttgart,True
RB Leipzig,Arminia,1606573800,hu HUN,30-206,90,3,1,2,66.7,1.4,2,5,40.0,24,1,16.7,25.0,6,16.7,30.8,16,1,6.3,1,11.0,bcb2ccd8,Péter Gulácsi,RB Leipzig,True
Union Berlin,Eintracht Frankfurt,1606573800,de GER,33-263,90,5,3,1,40.0,2.5,3,19,15.8,24,1,45.8,38.9,9,88.9,53.2,16,1,6.3,0,10.7,7fe12375,Andreas Luthe,Union Berlin,True
Dortmund,Köln,1606573800,ch SUI,30-014,90,5,2,3,60.0,1.8,2,2,100.0,20,8,10.0,24.6,2,0.0,15.0,4,0,0.0,2,22.0,9d12e142,Roman Bürki,Dortmund,True
Augsburg,Freiburg,1606573800,pl POL,33-033,90,5,1,4,80.0,0.4,5,13,38.5,58,8,22.4,27.2,7,0.0,17.6,16,0,0.0,3,25.3,17376543,Rafał Gikiewicz,Augsburg,True
Mönchengladbach,Schalke 04,1606584600,ch SUI,31-347,90,2,1,1,50.0,1.0,2,5,40.0,40,2,7.5,26.7,7,28.6,24.4,17,0,0.0,1,12.8,420c18a1,Yann Sommer,Mönchengladbach,True
Bayer Leverkusen,Hertha BSC,1606660200,fi FIN,31-005,90,3,0,3,100.0,1.0,7,16,43.8,46,5,32.6,30.5,4,25.0,20.5,9,1,11.1,3,22.4,ad3389d5,Lukáš Hrádecký,Bayer Leverkusen,True
Mainz 05,Hoffenheim,1606669200,de GER,26-032,90,4,1,3,75.0,0.8,2,13,15.4,24,5,37.5,35.4,9,44.4,40.4,19,0,0.0,1,22.0,5c4bf6ba,Robin Zentner,Mainz 05,True
Hertha BSC,Union Berlin,1607110200,de GER,28-185,90,1,1,0,0.0,0.7,3,7,42.9,22,4,18.2,29.3,4,75.0,55.8,8,0,0.0,1,28.0,0d55d942,Alexander Schwolow,Hertha BSC,True
Eintracht Frankfurt,Dortmund,1607178600,de GER,30-150,90,5,1,4,80.0,1.0,7,29,24.1,30,3,83.3,44.8,9,44.4,40.0,9,1,11.1,0,6.5,ce17b5eb,Kevin Trapp,Eintracht Frankfurt,True
Köln,Wolfsburg,1607178600,de GER,27-207,90,6,2,4,66.7,1.8,14,26,53.8,24,1,79.2,49.7,9,77.8,55.4,17,1,5.9,0,7.5,3cd9e95a,Timo Horn,Köln,True
Arminia,Mainz 05,1607178600,de GER,28-029,90,5,1,4,80.0,1.7,15,25,60.0,35,2,45.7,37.4,9,100.0,62.1,14,1,7.1,0,10.0,c1242d4e,Stefan Ortega,Arminia,True
Freiburg,Mönchengladbach,1607178600,de GER,23-022,90,4,2,2,50.0,1.5,11,24,45.8,29,6,55.2,40.5,8,100.0,67.9,14,0,0.0,0,7.0,cbac6ec9,Florian Müller,Freiburg,True
Bayern Munich,RB Leipzig,1607189400,de GER,34-253,90,4,3,1,25.0,2.7,0,5,0.0,38,5,13.2,29.2,4,0.0,18.0,7,0,0.0,9,28.6,8778c910,Manuel Neuer,Bayern Munich,True
Werder Bremen,Stuttgart,1607265000,cz CZE,28-236,90,6,2,4,83.3,2.2,8,13,61.5,30,4,40.0,31.6,6,16.7,19.0,10,0,0.0,1,23.0,0a1cb833,Jiří Pavlenka,Werder Bremen,True
Schalke 04,Bayer Leverkusen,1607274000,at AUT,35-335,90,9,3,7,66.7,2.5,8,13,61.5,14,1,35.7,36.1,15,53.3,37.4,16,0,0.0,0,6.0,d20f088b,Michael Langer,Schalke 04,True
Hoffenheim,Augsburg,1607369400,de GER,30-188,90,2,1,1,50.0,0.2,2,9,22.2,42,7,19.0,23.0,7,14.3,18.6,15,0,0.0,2,21.8,47064058,Oliver Baumann,Hoffenheim,True
Wolfsburg,Eintracht Frankfurt,1607715000,be BEL,28-169,90,4,1,3,100.0,1.2,8,20,40.0,42,3,40.5,35.4,3,100.0,59.7,8,0,0.0,4,21.2,db401046,Koen Casteels,Wolfsburg,True
Mainz 05,Köln,1607783400,de GER,26-045,90,6,1,5,83.3,1.1,0,7,0.0,29,10,13.8,24.9,4,75.0,53.5,15,1,6.7,2,20.2,5c4bf6ba,Robin Zentner,Mainz 05,True
Freiburg,Arminia,1607783400,de GER,23-029,90,2,0,2,100.0,0.8,6,19,31.6,35,8,48.6,40.1,4,50.0,45.3,13,1,7.7,1,16.5,cbac6ec9,Florian Müller,Freiburg,True
Dortmund,Stuttgart,1607783400,ch SUI,30-028,90,10,5,5,60.0,4.9,1,7,14.3,29,4,17.2,29.0,4,50.0,44.8,4,0,0.0,3,28.7,9d12e142,Roman Bürki,Dortmund,True
RB Leipzig,Werder Bremen,1607783400,hu HUN,30-220,90,2,0,2,100.0,0.1,1,5,20.0,26,6,19.2,29.2,3,0.0,14.7,16,0,0.0,3,32.0,bcb2ccd8,Péter Gulácsi,RB Leipzig,True
Mönchengladbach,Hertha BSC,1607783400,de GER,32-265,90,3,1,2,66.7,1.0,3,8,37.5,21,2,33.3,32.9,5,20.0,28.8,5,1,20.0,5,23.0,0d8a37c2,Tobias Sippel,Mönchengladbach,True
Union Berlin,Bayern Munich,1607794200,de GER,33-277,90,5,1,4,80.0,1.5,3,15,20.0,18,3,55.6,41.5,9,55.6,41.8,19,0,0.0,0,10.0,7fe12375,Andreas Luthe,Union Berlin,True
Augsburg,Schalke 04,1607869800,pl POL,33-048,90,4,2,2,50.0,1.4,6,18,33.3,29,4,55.2,41.1,10,20.0,32.4,10,0,0.0,0,18.0,17376543,Rafał Gikiewicz,Augsburg,True
Bayer Leverkusen,Hoffenheim,1607878800,fi FIN,31-019,90,4,1,3,75.0,0.9,4,19,21.1,46,3,32.6,29.7,7,57.1,37.1,12,0,0.0,0,9.7,ad3389d5,Lukáš Hrádecký,Bayer Leverkusen,True
Eintracht Frankfurt,Mönchengladbach,1608053400,de GER,30-160,90,5,3,2,60.0,2.2,6,24,25.0,29,2,62.1,43.1,6,100.0,64.3,17,0,0.0,0,17.0,ce17b5eb,Kevin Trapp,Eintracht Frankfurt,True
Werder Bremen,Dortmund,1608060600,cz CZE,28-245,90,9,2,6,77.8,2.3,7,17,41.2,42,3,38.1,33.5,5,20.0,24.8,8,1,12.5,1,22.7,0a1cb833,Jiří Pavlenka,Werder Bremen,True
Stuttgart,Union Berlin,1608060600,ch SUI,23-009,90,5,2,3,60.0,1.4,4,9,44.4,28,4,21.4,29.7,11,27.3,27.9,11,1,9.1,1,9.9,cd59b9df,Gregor Kobel,Stuttgart,True
Hertha BSC,Mainz 05,1608060600,de GER,28-196,90,0,0,0,,0.0,0,3,0.0,25,2,12.0,27.6,5,0.0,19.6,11,0,0.0,0,17.0,0d55d942,Alexander Schwolow,Hertha BSC,True
Schalke 04,Freiburg,1608139800,de GER,32-080,90,3,2,1,33.3,1.2,3,9,33.3,30,5,26.7,25.9,5,20.0,25.2,11,1,9.1,0,7.5,1e43fad8,Ralf Fährmann,Schalke 04,True
Hoffenheim,RB Leipzig,1608147000,de GER,30-197,90,3,1,2,66.7,1.2,3,6,50.0,39,7,15.4,24.7,4,0.0,19.5,13,0,0.0,4,24.1,47064058,Oliver Baumann,Hoffenheim,True
Arminia,Augsburg,1608147000,de GER,28-040,90,2,1,1,50.0,0.3,17,39,43.6,53,5,67.9,45.9,8,37.5,38.4,12,1,8.3,2,25.0,c1242d4e,Stefan Ortega,Arminia,True
Köln,Bayer Leverkusen,1608147000,de GER,27-218,90,7,4,3,42.9,2.6,5,9,55.6,22,1,40.9,32.9,5,0.0,18.2,9,1,11.1,0,10.4,3cd9e95a,Timo Horn,Köln,True
Bayern Munich,Wolfsburg,1608147000,de GER,34-264,90,6,1,5,83.3,1.2,10,15,66.7,38,7,36.8,34.9,6,16.7,31.2,17,0,0.0,1,25.5,8778c910,Manuel Neuer,Bayern Munich,True
Union Berlin,Dortmund,1608319800,de GER,33-283,90,3,1,2,66.7,1.1,3,18,16.7,24,3,37.5,35.9,11,81.8,51.5,12,2,16.7,0,6.5,7fe12375,Andreas Luthe,Union Berlin,True
Augsburg,Eintracht Frankfurt,1608388200,pl POL,33-054,90,6,2,5,66.7,1.5,5,19,26.3,30,7,43.3,33.1,9,66.7,43.9,17,0,0.0,0,,17376543,Rafał Gikiewicz,Augsburg,True
RB Leipzig,Köln,1608388200,hu HUN,30-227,90,1,0,1,100.0,0.1,1,2,50.0,31,3,3.2,22.8,2,50.0,41.5,4,0,0.0,2,21.5,bcb2ccd8,Péter Gulácsi,RB Leipzig,True
Schalke 04,Arminia,1608388200,de GER,32-083,90,3,1,2,66.7,0.5,6,17,35.3,19,4,47.4,37.0,10,80.0,53.8,11,1,9.1,1,12.8,1e43fad8,Ralf Fährmann,Schalke 04,True
Mönchengladbach,Hoffenheim,1608388200,ch SUI,32-002,90,5,2,3,60.0,1.6,8,23,34.8,41,4,39.0,34.0,11,63.6,42.8,8,1,12.5,0,9.0,420c18a1,Yann Sommer,Mönchengladbach,True
Mainz 05,Werder Bremen,1608388200,de GER,26-052,90,7,1,6,85.7,2.0,4,12,33.3,32,14,28.1,29.6,6,50.0,43.7,16,0,0.0,1,31.0,5c4bf6ba,Robin Zentner,Mainz 05,True
Bayer Leverkusen,Bayern Munich,1608399000,fi FIN,31-025,90,3,2,1,33.3,0.7,5,19,26.3,49,9,36.7,32.7,7,14.3,22.9,13,1,7.7,2,13.2,ad3389d5,Lukáš Hrádecký,Bayer Leverkusen,True
Freiburg,Hertha BSC,1608474600,de GER,23-037,90,3,1,2,66.7,1.3,7,32,21.9,33,4,72.7,52.9,8,100.0,70.9,11,0,0.0,0,12.5,cbac6ec9,Florian Müller,Freiburg,True
Wolfsburg,Stuttgart,1608483600,be BEL,28-178,90,2,0,2,100.0,0.1,9,17,52.9,40,11,32.5,34.1,5,80.0,56.8,16,0,0.0,2,16.2,db401046,Koen Casteels,Wolfsburg,True
Eintracht Frankfurt,Bayer Leverkusen,1609597800,de GER,30-178,90,2,1,1,50.0,0.6,9,26,34.6,24,2,70.8,44.6,9,100.0,66.2,19,1,5.3,1,13.0,ce17b5eb,Kevin Trapp,Eintracht Frankfurt,True
Arminia,Mönchengladbach,1609597800,de GER,28-057,90,6,1,5,83.3,1.9,21,45,46.7,54,3,66.7,45.1,10,90.0,63.4,22,1,4.5,3,17.2,c1242d4e,Stefan Ortega,Arminia,True
Köln,Augsburg,1609597800,de GER,27-235,90,4,1,3,75.0,1.5,10,18,55.6,33,4,51.5,37.4,3,33.3,37.0,11,0,0.0,1,17.3,3cd9e95a,Timo Horn,Köln,True
Hoffenheim,Freiburg,1609597800,de GER,30-214,90,5,3,3,60.0,2.5,4,8,50.0,41,7,19.5,25.0,5,0.0,13.2,8,0,0.0,4,20.0,47064058,Oliver Baumann,Hoffenheim,True
Werder Bremen,Union Berlin,1609597800,cz CZE,28-263,90,2,2,0,0.0,1.4,5,8,62.5,22,6,18.2,23.5,8,50.0,39.1,13,0,0.0,0,18.0,0a1cb833,Jiří Pavlenka,Werder Bremen,True
Hertha BSC,Schalke 04,1609608600,de GER,28-214,90,4,0,4,100.0,2.1,5,7,71.4,30,5,13.3,29.3,4,75.0,47.5,14,0,0.0,0,9.0,0d55d942,Alexander Schwolow,Hertha BSC,True
Stuttgart,RB Leipzig,1609615800,ch SUI,23-027,90,8,1,6,87.5,2.7,4,10,40.0,27,6,33.3,31.3,15,6.7,19.7,19,1,5.3,2,18.0,cd59b9df,Gregor Kobel,Stuttgart,True
Dortmund,Wolfsburg,1609684200,ch SUI,30-050,90,5,0,5,100.0,1.0,8,15,53.3,33,7,30.3,32.0,12,41.7,36.0,18,1,5.6,0,9.0,9d12e142,Roman Bürki,Dortmund,True
Bayern Munich,Mainz 05,1609693200,de GER,34-282,90,7,2,5,71.4,2.1,3,6,50.0,43,4,14.0,28.2,3,0.0,24.3,6,0,0.0,2,18.5,8778c910,Manuel Neuer,Bayern Munich,True
Mönchengladbach,Bayern Munich,1610134200,ch SUI,32-022,90,3,2,1,66.7,1.2,4,8,50.0,25,1,28.0,29.8,10,10.0,17.5,27,0,0.0,2,20.5,420c18a1,Yann Sommer,Mönchengladbach,True
Mainz 05,Eintracht Frankfurt,1610202600,de GER,26-073,90,7,2,5,100.0,2.3,3,10,30.0,19,5,42.1,36.4,4,50.0,39.8,21,2,9.5,2,18.3,5c4bf6ba,Robin Zentner,Mainz 05,True
Union Berlin,Wolfsburg,1610202600,de GER,33-305,90,5,2,3,80.0,3.1,2,8,25.0,22,2,27.3,31.2,8,25.0,29.3,12,0,0.0,0,6.5,7fe12375,Andreas Luthe,Union Berlin,True
Bayer Leverkusen,Werder Bremen,1610202600,fi FIN,31-046,90,1,1,0,0.0,0.3,0,2,0.0,26,2,7.7,23.9,4,0.0,22.8,6,0,0.0,6,26.3,ad3389d5,Lukáš Hrádecký,Bayer Leverkusen,True
Freiburg,Köln,1610202600,de GER,23-057,90,2,0,2,100.0,0.1,9,19,47.4,37,5,37.8,36.0,5,100.0,65.6,12,0,0.0,3,23.0,cbac6ec9,Florian Müller,Freiburg,True
Schalke 04,Hoffenheim,1610202600,de GER,32-104,90,4,0,4,100.0,1.5,3,20,15.0,24,2,45.8,34.3,9,100.0,61.1,18,2,11.1,2,12.8,1e43fad8,Ralf Fährmann,Schalke 04,True
RB Leipzig,Dortmund,1610213400,hu HUN,30-248,90,6,3,3,50.0,3.4,1,5,20.0,28,7,17.9,27.5,8,0.0,15.5,7,0,0.0,1,18.3,bcb2ccd8,Péter Gulácsi,RB Leipzig,True
Augsburg,Stuttgart,1610289000,pl POL,33-076,90,10,4,6,70.0,3.0,2,14,14.3,33,9,33.3,32.8,8,37.5,37.8,19,1,5.3,0,6.5,17376543,Rafał Gikiewicz,Augsburg,True
Arminia,Hertha BSC,1610298000,de GER,28-065,90,4,0,4,100.0,0.8,18,30,60.0,48,2,60.4,44.4,6,16.7,21.3,12,0,0.0,2,32.0,c1242d4e,Stefan Ortega,Arminia,True
Union Berlin,Bayer Leverkusen,1610739000,de GER,33-311,90,3,0,3,100.0,0.5,6,11,54.5,27,1,29.6,32.0,6,50.0,37.7,16,0,0.0,0,10.0,7fe12375,Andreas Luthe,Union Berlin,True
Hoffenheim,Arminia,1610807400,de GER,30-228,90,2,0,2,100.0,0.3,5,13,38.5,30,8,30.0,25.9,7,57.1,40.6,7,1,14.3,2,27.7,47064058,Oliver Baumann,Hoffenheim,True
Wolfsburg,RB Leipzig,1610807400,be BEL,28-205,90,8,2,6,75.0,2.4,6,7,85.7,26,4,11.5,28.6,6,66.7,45.3,13,0,0.0,2,33.5,db401046,Koen Casteels,Wolfsburg,True
Dortmund,Mainz 05,1610807400,ch SUI,30-063,90,3,1,2,66.7,0.5,6,7,85.7,26,8,26.9,27.8,4,0.0,25.0,11,1,9.1,0,1.0,9d12e142,Roman Bürki,Dortmund,True
Köln,Hertha BSC,1610807400,de GER,27-249,90,3,0,3,100.0,0.3,9,19,47.4,37,5,40.5,37.4,8,50.0,44.6,10,0,0.0,0,11.4,3cd9e95a,Timo Horn,Köln,True
Werder Bremen,Augsburg,1610807400,cz CZE,28-277,90,0,0,0,,0.0,4,15,26.7,30,4,26.7,26.9,10,70.0,46.2,13,1,7.7,2,21.3,0a1cb833,Jiří Pavlenka,Werder Bremen,True
Stuttgart,Mönchengladbach,1610818200,ch SUI,23-041,90,5,2,3,80.0,2.2,4,4,100.0,31,3,12.9,22.9,4,0.0,12.5,4,0,0.0,4,25.0,cd59b9df,Gregor Kobel,Stuttgart,True
Bayern Munich,Freiburg,1610893800,de GER,34-296,90,2,1,1,50.0,0.3,5,11,45.5,32,3,28.1,31.7,4,50.0,34.5,16,0,0.0,0,,8778c910,Manuel Neuer,Bayern Munich,True
Eintracht Frankfurt,Schalke 04,1610902800,de GER,30-193,90,1,1,0,0.0,0.0,0,4,0.0,30,4,10.0,24.8,7,14.3,31.7,11,2,18.2,2,15.4,ce17b5eb,Kevin Trapp,Eintracht Frankfurt,True
Mönchengladbach,Werder Bremen,1611077400,ch SUI,32-033,90,2,0,2,100.0,0.5,4,10,40.0,22,0,36.4,33.0,5,40.0,38.4,14,0,0.0,2,16.3,420c18a1,Yann Sommer,Mönchengladbach,True
Bayer Leverkusen,Dortmund,1611084600,fi FIN,31-056,90,2,1,1,50.0,0.4,7,22,31.8,50,7,36.0,31.6,6,66.7,43.2,10,1,10.0,3,24.7,ad3389d5,Lukáš Hrádecký,Bayer Leverkusen,True
Hertha BSC,Hoffenheim,1611084600,de GER,28-231,90,6,3,3,50.0,2.1,1,6,16.7,28,7,21.4,29.5,4,0.0,27.0,8,0,0.0,1,25.0,0d55d942,Alexander Schwolow,Hertha BSC,True
Mainz 05,Wolfsburg,1611084600,de GER,26-083,90,2,2,0,0.0,1.5,5,14,35.7,21,5,52.4,39.0,8,37.5,34.6,10,1,10.0,1,15.0,5c4bf6ba,Robin Zentner,Mainz 05,True
Schalke 04,Köln,1611163800,de GER,32-115,90,3,2,1,33.3,0.8,3,11,27.3,39,2,20.5,27.8,6,50.0,38.7,12,0,0.0,2,18.3,1e43fad8,Ralf Fährmann,Schalke 04,True
Augsburg,Bayern Munich,1611171000,pl POL,33-086,90,4,1,3,100.0,1.2,15,23,65.2,33,6,39.4,35.6,16,62.5,40.8,18,1,5.6,0,9.0,17376543,Rafał Gikiewicz,Augsburg,True
Arminia,Stuttgart,1611171000,de GER,28-075,90,3,0,3,100.0,1.0,17,33,51.5,44,2,63.6,46.8,8,62.5,46.1,18,1,5.6,0,8.7,c1242d4e,Stefan Ortega,Arminia,True
RB Leipzig,Union Berlin,1611171000,hu HUN,30-259,90,1,0,1,100.0,0.1,2,5,40.0,29,5,13.8,27.7,4,25.0,31.0,5,0,0.0,2,32.5,bcb2ccd8,Péter Gulácsi,RB Leipzig,True
Freiburg,Eintracht Frankfurt,1611171000,de GER,23-068,90,3,2,2,33.3,0.4,2,29,6.9,33,4,57.6,44.4,10,100.0,70.0,17,0,0.0,3,18.8,cbac6ec9,Florian Müller,Freiburg,True
Mönchengladbach,Dortmund,1611343800,ch SUI,32-036,90,6,2,4,66.7,2.1,7,10,70.0,23,2,30.4,33.3,10,30.0,26.9,19,0,0.0,0,13.0,420c18a1,Yann Sommer,Mönchengladbach,True
Mainz 05,RB Leipzig,1611412200,de GER,26-087,90,5,2,3,60.0,1.8,5,21,23.8,27,5,59.3,47.5,7,71.4,54.4,20,1,5.0,1,11.0,5c4bf6ba,Robin Zentner,Mainz 05,True
Arminia,Eintracht Frankfurt,1611412200,de GER,28-078,90,7,5,3,28.6,2.2,10,23,43.5,49,1,40.8,36.4,4,75.0,55.8,14,1,7.1,0,14.0,c1242d4e,Stefan Ortega,Arminia,True
Augsburg,Union Berlin,1611412200,pl POL,33-089,90,5,1,3,80.0,1.7,4,21,19.0,30,4,53.3,40.5,8,62.5,47.3,30,1,3.3,0,6.0,17376543,Rafał Gikiewicz,Augsburg,True
Freiburg,Stuttgart,1611412200,de GER,23-071,90,9,1,7,88.9,3.2,8,32,25.0,32,3,59.4,50.7,14,92.9,70.1,26,0,0.0,2,20.0,cbac6ec9,Florian Müller,Freiburg,True
Bayer Leverkusen,Wolfsburg,1611412200,fi FIN,31-060,90,4,1,3,75.0,1.0,5,8,62.5,39,7,15.4,23.1,7,28.6,34.1,8,0,0.0,0,,ad3389d5,Lukáš Hrádecký,Bayer Leverkusen,True
Hertha BSC,Werder Bremen,1611423000,de GER,28-235,90,5,4,1,40.0,2.4,2,2,100.0,8,2,0.0,21.5,3,66.7,55.0,6,0,0.0,1,43.0,0d55d942,Alexander Schwolow,Hertha BSC,True
Schalke 04,Bayern Munich,1611498600,de GER,32-119,90,13,4,9,69.2,3.5,4,17,23.5,23,3,39.1,36.5,18,44.4,34.9,26,0,0.0,0,11.0,1e43fad8,Ralf Fährmann,Schalke 04,True
Hoffenheim,Köln,1611507600,de GER,30-236,90,4,0,3,100.0,1.4,7,14,50.0,24,4,41.7,36.4,6,66.7,49.2,30,1,3.3,0,9.0,47064058,Oliver Baumann,Hoffenheim,True
Stuttgart,Mainz 05,1611948600,ch SUI,23-054,90,2,0,2,100.0,0.2,5,12,41.7,28,9,28.6,30.0,11,36.4,30.9,17,2,11.8,0,8.5,cd59b9df,Gregor Kobel,Stuttgart,True
Bayern Munich,Hoffenheim,1612017000,de GER,34-309,90,5,1,4,80.0,2.0,6,7,85.7,31,4,22.6,29.9,5,0.0,26.6,18,0,0.0,0,5.0,8778c910,Manuel Neuer,Bayern Munich,True
Union Berlin,Mönchengladbach,1612017000,de GER,33-326,68,3,1,2,66.7,0.3,7,13,53.8,26,1,30.8,33.6,7,71.4,47.3,11,1,9.1,1,25.0,7fe12375,Andreas Luthe,Union Berlin,True
Union Berlin,Mönchengladbach,1612017000,de GER,27-222,22,1,0,1,100.0,0.5,2,6,33.3,4,0,75.0,47.0,3,100.0,65.7,7,0,0.0,0,,32e7ce92,Loris Karius,Union Berlin,True
Werder Bremen,Schalke 04,1612017000,cz CZE,28-291,90,1,1,0,0.0,0.2,7,9,77.8,16,1,37.5,35.0,10,30.0,33.6,9,0,0.0,0,18.0,0a1cb833,Jiří Pavlenka,Werder Bremen,True
Dortmund,Augsburg,1612017000,ch SUI,33-134,90,1,1,0,0.0,0.7,2,3,66.7,27,2,7.4,20.7,5,20.0,36.8,6,0,0.0,2,27.7,2e7ff968,Marwin Hitz,Dortmund,True
Eintracht Frankfurt,Hertha BSC,1612017000,de GER,30-206,90,3,1,2,66.7,0.8,5,16,31.3,39,8,33.3,33.5,9,33.3,31.3,13,1,7.7,5,17.2,ce17b5eb,Kevin Trapp,Eintracht Frankfurt,True
RB Leipzig,Bayer Leverkusen,1612027800,hu HUN,30-269,90,3,0,3,100.0,0.9,6,12,50.0,35,5,34.3,36.7,3,0.0,18.7,11,0,0.0,0,,bcb2ccd8,Péter Gulácsi,RB Leipzig,True
Köln,Arminia,1612103400,de GER,27-264,90,3,1,2,66.7,1.1,9,24,37.5,31,4,54.8,40.8,9,77.8,50.6,21,2,9.5,0,6.0,3cd9e95a,Timo Horn,Köln,True
Wolfsburg,Freiburg,1612112400,be BEL,28-220,90,2,0,2,100.0,0.3,10,16,62.5,30,5,33.3,31.5,7,85.7,58.7,26,0,0.0,0,7.0,db401046,Koen Casteels,Wolfsburg,True
Hertha BSC,Bayern Munich,1612551600,no NOR,36-129,90,6,1,4,83.3,1.5,5,16,31.3,24,4,45.8,35.5,7,71.4,42.4,23,0,0.0,1,14.5,27d2618c,Rune Jarstein,Hertha BSC,True
Freiburg,Dortmund,1612621800,de GER,23-085,90,6,1,5,83.3,1.6,1,17,5.9,34,8,35.3,36.9,10,50.0,46.4,10,0,0.0,5,20.8,cbac6ec9,Florian Müller,Freiburg,True
Bayer Leverkusen,Stuttgart,1612621800,fi FIN,31-074,90,7,2,5,71.4,2.6,14,27,51.9,50,3,48.0,37.5,4,75.0,54.5,7,0,0.0,1,17.0,ad3389d5,Lukáš Hrádecký,Bayer Leverkusen,True
Schalke 04,RB Leipzig,1612621800,de GER,32-132,90,10,3,7,70.0,3.1,2,8,25.0,32,5,18.8,31.2,10,20.0,30.9,18,0,0.0,0,,1e43fad8,Ralf Fährmann,Schalke 04,True
Mainz 05,Union Berlin,1612621800,de GER,26-101,90,4,0,4,100.0,0.5,6,21,28.6,32,5,46.9,39.7,7,85.7,58.3,12,1,8.3,1,15.5,5c4bf6ba,Robin Zentner,Mainz 05,True
Augsburg,Wolfsburg,1612621800,pl POL,33-103,90,6,2,4,66.7,1.9,5,12,41.7,43,9,25.6,30.3,5,20.0,35.0,16,1,6.3,2,14.2,17376543,Rafał Gikiewicz,Augsburg,True
Mönchengladbach,Köln,1612632600,ch SUI,32-051,90,3,2,1,33.3,1.4,1,1,100.0,23,3,4.3,20.9,3,0.0,17.7,5,0,0.0,5,29.0,420c18a1,Yann Sommer,Mönchengladbach,True
Hoffenheim,Eintracht Frankfurt,1612708200,de GER,30-250,90,5,3,2,40.0,2.6,5,11,45.5,28,3,28.6,30.3,8,37.5,29.6,13,1,7.7,0,10.0,47064058,Oliver Baumann,Hoffenheim,True
RB Leipzig,Augsburg,1613158200,hu HUN,30-282,90,2,1,1,100.0,1.1,4,8,50.0,37,4,18.9,28.5,2,50.0,49.0,9,1,11.1,1,13.0,bcb2ccd8,Péter Gulácsi,RB Leipzig,True
Werder Bremen,Freiburg,1613226600,cz CZE,28-305,90,2,0,2,100.0,0.4,5,10,50.0,38,7,21.1,27.3,7,28.6,31.1,15,0,0.0,2,18.5,0a1cb833,Jiří Pavlenka,Werder Bremen,True
Dortmund,Hoffenheim,1613226600,ch SUI,33-148,90,6,2,4,66.7,2.6,9,13,69.2,27,5,40.7,34.3,8,25.0,33.0,12,0,0.0,0,4.3,2e7ff968,Marwin Hitz,Dortmund,True
Stuttgart,Hertha BSC,1613226600,ch SUI,23-069,90,1,1,0,0.0,0.9,4,14,28.6,24,5,54.2,37.3,8,12.5,22.4,16,0,0.0,1,14.3,cd59b9df,Gregor Kobel,Stuttgart,True
Bayer Leverkusen,Mainz 05,1613226600,fi FIN,31-081,45,,,,,0.0,,4,,23,6,13.0,27.0,4,25.0,29.5,3,1,33.3,1,16.0,ad3389d5,Lukáš Hrádecký,Bayer Leverkusen,True
Bayer Leverkusen,Mainz 05,1613226600,de GER,27-200,45,5,2,3,60.0,2.4,1,7,14.3,23,4,21.7,32.7,2,100.0,60.5,14,0,0.0,0,8.0,9321b8ed,Niklas Lomb,Bayer Leverkusen,True
Union Berlin,Schalke 04,1613237400,de GER,27-236,90,0,0,0,,0.0,2,17,11.8,19,4,68.4,42.8,4,100.0,63.3,12,1,8.3,0,4.0,32e7ce92,Loris Karius,Union Berlin,True
Eintracht Frankfurt,Köln,1613313000,de GER,30-221,90,1,0,1,100.0,0.1,2,12,16.7,32,3,31.3,32.7,6,33.3,28.3,5,0,0.0,2,19.8,ce17b5eb,Kevin Trapp,Eintracht Frankfurt,True
Wolfsburg,Mönchengladbach,1613322000,be BEL,28-234,90,3,0,3,100.0,0.5,9,15,60.0,46,5,28.3,30.8,7,28.6,30.7,10,1,10.0,3,22.4,db401046,Koen Casteels,Wolfsburg,True
Bayern Munich,Arminia,1613417400,de GER,34-325,90,3,3,0,0.0,1.9,2,4,50.0,30,3,13.3,23.8,3,0.0,17.7,5,0,0.0,4,29.3,8778c910,Manuel Neuer,Bayern Munich,True
Arminia,Wolfsburg,1613763000,de GER,28-105,90,6,3,3,50.0,1.9,9,18,50.0,64,4,28.1,30.4,3,0.0,23.0,15,0,0.0,2,17.4,c1242d4e,Stefan Ortega,Arminia,True
Mönchengladbach,Mainz 05,1613831400,ch SUI,32-065,90,6,2,4,66.7,1.3,1,2,50.0,47,8,4.3,21.2,6,0.0,20.7,10,0,0.0,1,13.0,420c18a1,Yann Sommer,Mönchengladbach,True
Köln,Stuttgart,1613831400,de GER,27-284,90,3,1,2,66.7,0.4,3,10,30.0,52,5,17.3,28.8,5,20.0,25.8,10,0,0.0,0,,3cd9e95a,Timo Horn,Köln,True
Freiburg,Union Berlin,1613831400,de GER,23-099,90,4,1,3,75.0,1.6,2,14,14.3,42,8,16.7,22.8,9,77.8,58.4,16,2,12.5,1,12.2,cbac6ec9,Florian Müller,Freiburg,True
Eintracht Frankfurt,Bayern Munich,1613831400,de GER,30-227,90,6,1,5,83.3,1.2,16,34,47.1,32,5,68.8,45.7,18,66.7,52.3,26,0,0.0,1,10.6,ce17b5eb,Kevin Trapp,Eintracht Frankfurt,True
Schalke 04,Dortmund,1613842200,de GER,32-146,31,1,,1,,0.0,1,5,20.0,13,3,,37.4,1,,13.0,3,,,,3.5,1e43fad8,Ralf Fährmann,Schalke 04,True
Schalke 04,Dortmund,1613842200,at AUT,36-045,59,5,4,1,20.0,2.2,1,7,14.3,12,1,33.3,36.3,3,100.0,63.0,3,0,0.0,0,,d20f088b,Michael Langer,Schalke 04,True
Augsburg,Bayer Leverkusen,1613910600,pl POL,33-118,90,3,1,2,66.7,0.3,12,28,42.9,28,5,71.4,49.7,9,88.9,59.8,26,1,3.8,0,12.7,17376543,Rafał Gikiewicz,Augsburg,True
Hertha BSC,RB Leipzig,1613917800,no NOR,36-145,90,6,3,3,50.0,1.4,8,31,25.8,44,3,52.3,39.2,9,88.9,57.2,9,0,0.0,1,15.3,27d2618c,Rune Jarstein,Hertha BSC,True
Hoffenheim,Werder Bremen,1613926800,de GER,30-264,90,1,0,1,100.0,0.6,4,16,25.0,35,4,34.3,35.1,5,80.0,50.0,12,0,0.0,0,,47064058,Oliver Baumann,Hoffenheim,True
Werder Bremen,Eintracht Frankfurt,1614367800,cz CZE,28-318,90,4,1,3,75.0,2.2,8,17,47.1,24,2,50.0,36.4,10,50.0,40.2,24,1,4.2,1,17.0,0a1cb833,Jiří Pavlenka,Werder Bremen,True
Bayern Munich,Köln,1614436200,de GER,34-337,90,3,1,2,66.7,1.5,2,4,50.0,34,4,11.8,24.6,4,0.0,18.0,9,0,0.0,8,21.5,8778c910,Manuel Neuer,Bayern Munich,True
Stuttgart,Schalke 04,1614436200,ch SUI,23-083,90,5,1,3,80.0,2.4,6,10,60.0,24,3,37.5,32.7,7,14.3,23.6,16,0,0.0,1,20.0,cd59b9df,Gregor Kobel,Stuttgart,True
Dortmund,Arminia,1614436200,ch SUI,33-162,90,2,0,2,100.0,0.2,3,6,50.0,31,4,16.1,24.0,5,20.0,31.6,5,0,0.0,0,,2e7ff968,Marwin Hitz,Dortmund,True
Wolfsburg,Hertha BSC,1614436200,be BEL,28-247,90,2,0,2,100.0,0.4,3,13,23.1,29,5,34.5,34.7,3,100.0,70.7,16,1,6.3,0,4.0,db401046,Koen Casteels,Wolfsburg,True
RB Leipzig,Mönchengladbach,1614447000,hu HUN,30-297,90,2,2,0,50.0,1.6,0,0,,14,4,0.0,20.1,1,0.0,36.0,7,0,0.0,0,,bcb2ccd8,Péter Gulácsi,RB Leipzig,True
Union Berlin,Hoffenheim,1614515400,de GER,27-251,90,2,1,2,50.0,0.4,8,15,53.3,27,3,44.4,37.7,6,50.0,39.2,13,0,0.0,1,10.8,32e7ce92,Loris Karius,Union Berlin,True
Mainz 05,Augsburg,1614522600,de GER,26-123,90,3,1,2,66.7,0.7,3,5,60.0,27,7,18.5,26.3,4,0.0,25.8,8,0,0.0,2,18.0,5c4bf6ba,Robin Zentner,Mainz 05,True
Bayer Leverkusen,Freiburg,1614531600,de GER,22-034,90,3,2,1,33.3,2.2,3,7,42.9,42,7,16.7,24.4,3,0.0,21.0,12,0,0.0,2,20.0,37998008,Lennart Grill,Bayer Leverkusen,True
Schalke 04,Mainz 05,1614972600,dk DEN,28-213,90,2,0,2,100.0,0.2,4,19,21.1,33,8,27.3,30.0,16,62.5,43.3,24,2,8.3,2,13.8,a70b8345,Frederik Rønnow,Schalke 04,True
Mönchengladbach,Bayer Leverkusen,1615041000,ch SUI,32-079,90,5,1,4,80.0,1.6,3,3,100.0,21,4,4.8,19.2,3,66.7,52.7,15,2,13.3,1,10.3,420c18a1,Yann Sommer,Mönchengladbach,True
Eintracht Frankfurt,Stuttgart,1615041000,de GER,30-241,90,1,1,0,0.0,0.1,3,13,23.1,31,4,38.7,33.9,8,12.5,23.1,13,0,0.0,1,14.8,ce17b5eb,Kevin Trapp,Eintracht Frankfurt,True
Hertha BSC,Augsburg,1615041000,no NOR,36-158,90,4,1,3,75.0,0.2,6,8,75.0,21,4,38.1,36.0,6,0.0,23.0,10,1,10.0,0,8.0,27d2618c,Rune Jarstein,Hertha BSC,True
Hoffenheim,Wolfsburg,1615041000,de GER,30-277,90,5,1,4,80.0,1.3,4,21,19.0,30,5,50.0,39.5,9,66.7,44.9,24,1,4.2,0,10.0,47064058,Oliver Baumann,Hoffenheim,True
Freiburg,RB Leipzig,1615041000,de GER,23-113,90,7,3,4,57.1,1.5,6,16,37.5,52,9,13.5,28.1,11,81.8,64.5,8,0,0.0,1,16.8,cbac6ec9,Florian Müller,Freiburg,True
Bayern Munich,Dortmund,1615051800,de GER,34-344,90,3,2,1,33.3,1.3,1,1,100.0,27,3,3.7,22.3,1,0.0,24.0,2,0,0.0,3,19.4,8778c910,Manuel Neuer,Bayern Munich,True
Köln,Werder Bremen,1615127400,de GER,27-299,90,5,1,4,80.0,1.1,4,10,40.0,30,4,30.0,34.0,4,25.0,39.0,14,0,0.0,0,14.5,3cd9e95a,Timo Horn,Köln,True
Arminia,Union Berlin,1615136400,de GER,28-121,90,3,0,3,100.0,0.9,11,25,44.0,54,6,37.0,35.0,6,83.3,59.2,16,0,0.0,0,8.0,c1242d4e,Stefan Ortega,Arminia,True
Arminia,Werder Bremen,1615397400,de GER,28-124,90,2,2,0,0.0,1.6,10,19,52.6,61,5,31.1,33.2,4,0.0,18.8,5,0,0.0,4,25.6,c1242d4e,Stefan Ortega,Arminia,True
Augsburg,Mönchengladbach,1615577400,pl POL,33-137,90,7,1,6,85.7,1.8,7,23,30.4,43,7,32.6,34.6,16,56.3,46.6,22,0,0.0,2,24.3,17376543,Rafał Gikiewicz,Augsburg,True
Union Berlin,Köln,1615645800,de GER,34-003,90,5,1,4,100.0,1.2,6,22,27.3,28,4,67.9,45.1,3,100.0,64.0,19,1,5.3,0,12.0,7fe12375,Andreas Luthe,Union Berlin,True
Werder Bremen,Bayern Munich,1615645800,cz CZE,28-333,90,6,3,3,50.0,2.3,7,15,46.7,33,7,36.4,36.2,12,25.0,32.8,18,0,0.0,1,31.0,0a1cb833,Jiří Pavlenka,Werder Bremen,True
Wolfsburg,Schalke 04,1615645800,be BEL,28-261,90,1,0,1,100.0,0.4,5,14,35.7,41,5,26.8,33.5,5,60.0,42.0,13,3,23.1,2,14.3,db401046,Koen Casteels,Wolfsburg,True
Mainz 05,Freiburg,1615645800,de GER,26-136,90,2,0,2,100.0,0.4,4,13,30.8,34,6,35.3,36.1,5,20.0,35.0,13,4,30.8,0,8.2,5c4bf6ba,Robin Zentner,Mainz 05,True
Dortmund,Hertha BSC,1615656600,ch SUI,33-176,90,0,0,0,,0.0,3,5,60.0,22,5,18.2,26.7,5,20.0,34.2,6,1,16.7,1,16.8,2e7ff968,Marwin Hitz,Dortmund,True
Bayer Leverkusen,Arminia,1615725000,de GER,22-048,90,6,2,4,66.7,2.1,1,1,100.0,24,6,4.2,21.8,8,0.0,22.0,8,0,0.0,2,24.5,37998008,Lennart Grill,Bayer Leverkusen,True
RB Leipzig,Eintracht Frankfurt,1615732200,hu HUN,30-312,90,2,1,1,50.0,1.6,2,8,25.0,29,3,24.1,28.8,6,16.7,21.7,10,0,0.0,1,29.0,bcb2ccd8,Péter Gulácsi,RB Leipzig,True
Stuttgart,Hoffenheim,1615741200,ch SUI,23-098,90,5,0,5,100.0,0.8,5,8,62.5,30,8,26.7,28.1,11,0.0,16.2,22,3,13.6,1,11.4,cd59b9df,Gregor Kobel,Stuttgart,True
Arminia,RB Leipzig,1616182200,de GER,28-133,90,8,1,7,87.5,2.2,19,36,52.8,29,1,89.7,52.9,11,90.9,65.0,13,0,0.0,0,9.0,c1242d4e,Stefan Ortega,Arminia,True
Bayern Munich,Stuttgart,1616250600,de GER,34-358,90,4,0,4,100.0,0.4,6,20,30.0,44,6,40.9,37.3,6,33.3,33.5,14,2,14.3,0,5.3,8778c910,Manuel Neuer,Bayern Munich,True
Werder Bremen,Wolfsburg,1616250600,cz CZE,28-340,90,3,2,2,33.3,0.5,11,17,64.7,27,0,48.1,37.1,9,44.4,41.1,22,0,0.0,0,5.7,0a1cb833,Jiří Pavlenka,Werder Bremen,True
Köln,Dortmund,1616250600,de GER,27-312,90,4,2,2,50.0,1.5,7,18,38.9,27,4,48.1,34.8,8,62.5,45.0,14,0,0.0,0,,3cd9e95a,Timo Horn,Köln,True
Eintracht Frankfurt,Union Berlin,1616250600,de GER,30-255,90,6,2,4,66.7,1.7,6,21,28.6,32,6,40.6,33.9,10,80.0,60.8,25,0,0.0,0,10.5,ce17b5eb,Kevin Trapp,Eintracht Frankfurt,True
Schalke 04,Mönchengladbach,1616261400,dk DEN,28-228,90,7,3,5,57.1,1.8,6,15,40.0,14,2,35.7,33.9,13,76.9,50.3,12,0,0.0,3,14.5,a70b8345,Frederik Rønnow,Schalke 04,True
Hoffenheim,Mainz 05,1616329800,de GER,30-292,90,7,2,5,71.4,2.8,2,13,15.4,47,7,25.5,30.8,6,16.7,32.5,13,0,0.0,2,16.2,47064058,Oliver Baumann,Hoffenheim,True
Hertha BSC,Bayer Leverkusen,1616337000,no NOR,36-173,90,1,0,1,100.0,0.3,17,29,58.6,16,0,100.0,58.9,14,92.9,58.6,24,0,0.0,0,3.0,27d2618c,Rune Jarstein,Hertha BSC,True
Freiburg,Augsburg,1616346000,de GER,23-128,90,7,0,7,100.0,1.2,17,30,56.7,40,3,50.0,38.2,11,90.9,65.5,16,0,0.0,3,21.4,cbac6ec9,Florian Müller,Freiburg,True
Wolfsburg,Köln,1617456600,be BEL,28-282,90,1,0,1,100.0,0.1,8,14,57.1,29,3,20.7,26.0,10,80.0,56.8,17,0,0.0,2,17.7,db401046,Koen Casteels,Wolfsburg,True
Mainz 05,Arminia,1617456600,de GER,26-157,90,2,1,1,50.0,0.6,4,8,50.0,18,6,33.3,35.7,9,22.2,28.8,11,4,36.4,3,15.3,5c4bf6ba,Robin Zentner,Mainz 05,True
Dortmund,Eintracht Frankfurt,1617456600,ch SUI,33-197,90,3,2,2,33.3,1.3,5,12,41.7,31,4,25.8,32.6,10,40.0,37.0,7,0,0.0,0,,2e7ff968,Marwin Hitz,Dortmund,True
Augsburg,Hoffenheim,1617456600,pl POL,33-159,90,5,1,4,80.0,0.9,12,26,46.2,35,6,51.4,39.9,14,57.1,46.8,27,2,7.4,0,8.7,17376543,Rafał Gikiewicz,Augsburg,True
Bayer Leverkusen,Schalke 04,1617456600,fi FIN,31-130,90,2,1,1,50.0,1.0,9,17,52.9,48,7,31.3,35.3,5,40.0,38.8,13,2,15.4,5,17.4,ad3389d5,Lukáš Hrádecký,Bayer Leverkusen,True
RB Leipzig,Bayern Munich,1617467400,hu HUN,30-332,90,5,1,4,80.0,0.8,4,9,44.4,33,4,27.3,29.0,8,0.0,18.0,8,0,0.0,3,22.0,bcb2ccd8,Péter Gulácsi,RB Leipzig,True
Mönchengladbach,Freiburg,1617474600,ch SUI,32-107,90,4,1,3,75.0,1.9,4,11,36.4,32,3,25.0,30.2,6,50.0,39.8,16,1,6.3,0,3.0,420c18a1,Yann Sommer,Mönchengladbach,True
Stuttgart,Werder Bremen,1617543000,ch SUI,23-119,90,2,0,2,100.0,0.6,5,8,62.5,30,9,20.0,23.3,10,20.0,26.5,6,0,0.0,0,6.0,cd59b9df,Gregor Kobel,Stuttgart,True
Union Berlin,Hertha BSC,1617552000,de GER,34-025,90,1,1,0,100.0,1.0,5,8,62.5,23,2,26.1,30.0,4,50.0,35.8,6,0,0.0,1,19.0,7fe12375,Andreas Luthe,Union Berlin,True
Arminia,Freiburg,1617993000,de GER,28-154,90,0,0,0,,0.0,8,21,38.1,42,1,33.3,33.8,8,87.5,61.8,9,0,0.0,5,22.3,c1242d4e,Stefan Ortega,Arminia,True
Eintracht Frankfurt,Wolfsburg,1618061400,de GER,30-276,90,7,3,5,57.1,1.2,12,24,50.0,26,1,69.2,42.2,12,50.0,38.7,17,1,5.9,0,8.0,ce17b5eb,Kevin Trapp,Eintracht Frankfurt,True
Bayern Munich,Union Berlin,1618061400,de GER,35-014,90,2,1,1,50.0,1.0,2,5,40.0,27,5,18.5,28.1,5,0.0,13.6,12,0,0.0,3,20.0,8778c910,Manuel Neuer,Bayern Munich,True
Hertha BSC,Mönchengladbach,1618061400,de GER,28-312,90,4,2,2,75.0,2.2,2,2,100.0,15,5,13.3,23.3,3,0.0,22.0,7,1,14.3,0,4.0,0d55d942,Alexander Schwolow,Hertha BSC,True
Werder Bremen,RB Leipzig,1618061400,cz CZE,28-361,90,4,4,0,0.0,1.7,5,11,45.5,27,3,37.0,34.4,5,20.0,25.4,5,0,0.0,1,21.0,0a1cb833,Jiří Pavlenka,Werder Bremen,True
Stuttgart,Dortmund,1618072200,ch SUI,23-125,90,7,3,4,57.1,1.4,2,8,25.0,32,8,21.9,26.8,9,11.1,21.9,14,0,0.0,1,14.6,cd59b9df,Gregor Kobel,Stuttgart,True
Schalke 04,Augsburg,1618147800,de GER,32-196,90,4,0,4,100.0,0.7,10,19,52.6,41,4,36.6,33.8,8,50.0,38.3,18,1,5.6,2,13.0,1e43fad8,Ralf Fährmann,Schalke 04,True
Köln,Mainz 05,1618156800,de GER,27-334,90,5,3,2,40.0,2.0,6,11,54.5,40,5,25.0,32.2,4,25.0,20.8,14,0,0.0,4,23.2,3cd9e95a,Timo Horn,Köln,True
Hoffenheim,Bayer Leverkusen,1618252200,de GER,30-314,90,3,0,3,100.0,0.3,4,11,36.4,59,7,18.6,25.5,2,0.0,11.0,7,0,0.0,0,13.3,47064058,Oliver Baumann,Hoffenheim,True
RB Leipzig,Hoffenheim,1618597800,hu HUN,30-345,90,0,0,0,,0.0,2,6,33.3,41,5,12.2,24.5,6,16.7,29.3,12,0,0.0,3,30.0,bcb2ccd8,Péter Gulácsi,RB Leipzig,True
Wolfsburg,Bayern Munich,1618666200,be BEL,28-296,90,8,3,5,62.5,1.9,5,12,41.7,38,7,23.7,26.6,8,37.5,39.0,13,1,7.7,3,16.6,db401046,Koen Casteels,Wolfsburg,True
Freiburg,Schalke 04,1618666200,de GER,23-155,90,2,0,2,100.0,0.9,2,7,28.6,47,5,8.5,24.4,4,75.0,54.0,9,0,0.0,2,20.4,cbac6ec9,Florian Müller,Freiburg,True
Mönchengladbach,Eintracht Frankfurt,1618666200,de GER,33-026,90,4,0,4,100.0,0.7,7,27,25.9,29,3,51.7,43.1,14,85.7,64.9,20,0,0.0,0,15.0,0d8a37c2,Tobias Sippel,Mönchengladbach,True
Union Berlin,Stuttgart,1618666200,de GER,34-038,90,2,1,1,50.0,1.0,9,21,42.9,43,3,39.5,36.6,5,80.0,45.4,8,0,0.0,2,16.2,7fe12375,Andreas Luthe,Union Berlin,True
Augsburg,Arminia,1618666200,pl POL,33-173,90,1,0,1,100.0,0.2,6,21,28.6,36,7,47.2,35.4,7,57.1,49.0,12,1,8.3,2,23.7,17376543,Rafał Gikiewicz,Augsburg,True
Bayer Leverkusen,Köln,1618677000,fi FIN,31-144,90,2,0,2,100.0,0.4,6,16,37.5,34,5,32.4,32.5,11,45.5,36.5,20,2,10.0,1,10.4,ad3389d5,Lukáš Hrádecký,Bayer Leverkusen,True
Dortmund,Werder Bremen,1618752600,ch SUI,33-212,90,3,1,2,66.7,1.3,1,2,50.0,19,4,10.5,24.1,3,0.0,18.7,10,0,0.0,0,15.0,2e7ff968,Marwin Hitz,Dortmund,True
Köln,RB Leipzig,1618936200,de GER,27-343,90,6,1,5,83.3,1.6,7,21,33.3,27,0,55.6,47.0,14,42.9,40.4,21,1,4.8,2,24.0,3cd9e95a,Timo Horn,Köln,True
Eintracht Frankfurt,Augsburg,1618943400,de GER,30-286,90,4,0,4,100.0,0.3,3,15,20.0,32,5,40.6,34.5,8,25.0,35.4,16,0,0.0,2,15.7,ce17b5eb,Kevin Trapp,Eintracht Frankfurt,True
Bayern Munich,Bayer Leverkusen,1618943400,de GER,35-024,90,4,0,4,100.0,0.7,6,7,85.7,30,7,23.3,28.1,5,0.0,21.6,10,0,0.0,0,19.0,8778c910,Manuel Neuer,Bayern Munich,True
Arminia,Schalke 04,1618943400,de GER,28-165,90,0,0,0,,0.0,9,30,30.0,34,4,64.7,46.3,9,88.9,62.0,13,0,0.0,0,,c1242d4e,Stefan Ortega,Arminia,True
Hoffenheim,Mönchengladbach,1619029800,de GER,30-323,90,2,2,0,0.0,0.9,2,9,22.2,49,4,14.3,22.5,3,66.7,45.3,10,0,0.0,1,21.5,47064058,Oliver Baumann,Hoffenheim,True
Stuttgart,Wolfsburg,1619029800,ch SUI,23-136,90,4,3,1,25.0,0.7,3,8,37.5,26,3,26.9,26.5,11,9.1,17.7,7,0,0.0,3,17.6,cd59b9df,Gregor Kobel,Stuttgart,True
Werder Bremen,Mainz 05,1619029800,cz CZE,29-007,90,5,1,4,80.0,1.3,9,14,64.3,24,5,50.0,36.7,7,28.6,33.4,15,0,0.0,0,,0a1cb833,Jiří Pavlenka,Werder Bremen,True
Dortmund,Union Berlin,1619029800,ch SUI,33-215,90,1,0,1,100.0,0.5,5,11,45.5,28,5,25.0,31.3,7,57.1,50.9,11,2,18.2,1,11.7,2e7ff968,Marwin Hitz,Dortmund,True
Augsburg,Köln,1619202600,pl POL,33-179,90,6,3,3,50.0,2.8,3,16,18.8,31,6,25.8,29.2,11,72.7,49.9,14,0,0.0,7,27.7,17376543,Rafał Gikiewicz,Augsburg,True
Mainz 05,Bayern Munich,1619271000,de GER,26-178,90,4,1,3,75.0,1.1,3,21,14.3,24,6,66.7,49.7,14,35.7,33.6,17,2,11.8,0,4.0,5c4bf6ba,Robin Zentner,Mainz 05,True
Freiburg,Hoffenheim,1619271000,de GER,23-162,90,4,1,3,75.0,1.1,6,13,46.2,26,5,26.9,30.6,8,75.0,56.3,11,0,0.0,1,27.0,cbac6ec9,Florian Müller,Freiburg,True
Union Berlin,Werder Bremen,1619271000,de GER,34-045,90,6,1,5,83.3,0.7,8,18,44.4,26,1,61.5,44.2,5,40.0,36.0,8,1,12.5,2,15.6,7fe12375,Andreas Luthe,Union Berlin,True
Wolfsburg,Dortmund,1619271000,be BEL,28-303,90,3,2,1,33.3,1.3,2,2,100.0,16,5,6.3,23.1,5,20.0,32.6,6,0,0.0,1,35.0,db401046,Koen Casteels,Wolfsburg,True
Bayer Leverkusen,Eintracht Frankfurt,1619281800,fi FIN,31-151,90,5,1,4,80.0,2.4,6,16,37.5,45,8,26.7,32.8,6,66.7,44.2,16,0,0.0,0,14.5,ad3389d5,Lukáš Hrádecký,Bayer Leverkusen,True
RB Leipzig,Stuttgart,1619357400,hu HUN,30-354,90,0,0,0,,0.0,0,0,,19,2,0.0,19.9,0,,,1,0,0.0,3,24.3,bcb2ccd8,Péter Gulácsi,RB Leipzig,True
Mönchengladbach,Arminia,1619366400,ch SUI,32-129,90,4,0,4,100.0,1.1,3,7,42.9,35,6,20.0,23.8,2,0.0,16.0,6,1,16.7,0,10.5,420c18a1,Yann Sommer,Mönchengladbach,True
Mainz 05,Hertha BSC,1620057600,de GER,26-187,90,5,1,4,80.0,0.7,2,5,40.0,22,5,13.6,24.6,4,50.0,32.0,7,3,42.9,1,8.2,5c4bf6ba,Robin Zentner,Mainz 05,True
Hertha BSC,Freiburg,1620318600,de GER,28-338,90,4,0,4,100.0,0.5,11,28,39.3,33,3,57.6,40.2,15,60.0,49.5,19,0,0.0,0,5.7,0d55d942,Alexander Schwolow,Hertha BSC,True
Stuttgart,Augsburg,1620412200,de GER,26-066,90,9,1,8,88.9,2.8,2,10,20.0,30,6,30.0,29.4,9,11.1,25.0,31,1,3.2,0,8.8,d28339cb,Fabian Bredlow,Stuttgart,True
Hoffenheim,Schalke 04,1620480600,de GER,30-340,90,3,2,1,33.3,1.4,0,1,0.0,32,2,3.1,17.7,5,0.0,16.6,7,0,0.0,2,20.3,47064058,Oliver Baumann,Hoffenheim,True
Wolfsburg,Union Berlin,1620480600,be BEL,28-317,90,1,0,1,100.0,0.3,4,13,30.8,36,4,16.7,27.7,10,70.0,58.4,15,1,6.7,1,18.3,db401046,Koen Casteels,Wolfsburg,True
Dortmund,RB Leipzig,1620480600,ch SUI,33-232,45,2,,2,,0.7,1,5,20.0,15,2,,35.2,1,,37.0,10,1,10.0,,12.5,2e7ff968,Marwin Hitz,Dortmund,True
Dortmund,RB Leipzig,1620480600,ch SUI,30-175,45,6,2,4,66.7,1.5,4,11,36.4,16,9,43.8,37.0,5,80.0,50.4,12,0,0.0,0,,9d12e142,Roman Bürki,Dortmund,True
Werder Bremen,Bayer Leverkusen,1620480600,cz CZE,29-024,90,4,0,4,100.0,0.3,8,17,47.1,28,4,39.3,37.8,8,75.0,53.4,16,0,0.0,0,9.0,0a1cb833,Jiří Pavlenka,Werder Bremen,True
Bayern Munich,Mönchengladbach,1620491400,de GER,35-042,90,3,0,3,100.0,0.5,1,3,33.3,30,9,10.0,25.0,9,0.0,20.9,11,0,0.0,0,,8778c910,Manuel Neuer,Bayern Munich,True
Köln,Freiburg,1620559800,de GER,27-362,90,6,4,2,33.3,3.4,9,16,56.3,33,4,36.4,33.4,7,57.1,40.9,10,0,0.0,0,11.0,3cd9e95a,Timo Horn,Köln,True
Eintracht Frankfurt,Mainz 05,1620567000,de GER,30-305,90,3,1,2,66.7,0.7,2,4,50.0,34,6,8.8,22.6,5,20.0,26.6,10,0,0.0,4,26.3,ce17b5eb,Kevin Trapp,Eintracht Frankfurt,True
Hertha BSC,Arminia,1620576000,de GER,28-341,90,6,0,6,100.0,0.5,3,7,42.9,25,12,12.0,23.2,7,57.1,44.4,7,0,0.0,0,17.0,0d55d942,Alexander Schwolow,Hertha BSC,True
Schalke 04,Hertha BSC,1620835200,de GER,32-227,90,6,2,4,66.7,1.3,1,6,16.7,22,9,13.6,26.7,6,50.0,38.2,16,0,0.0,2,14.3,1e43fad8,Ralf Fährmann,Schalke 04,True
Arminia,Hoffenheim,1621085400,de GER,28-190,90,3,1,2,66.7,1.7,11,22,50.0,46,3,32.6,34.4,9,77.8,57.3,14,0,0.0,1,17.3,c1242d4e,Stefan Ortega,Arminia,True
Schalke 04,Eintracht Frankfurt,1621085400,de GER,32-230,90,8,3,5,62.5,3.1,6,28,21.4,35,5,48.6,42.5,12,91.7,62.7,37,2,5.4,0,5.2,1e43fad8,Ralf Fährmann,Schalke 04,True
Freiburg,Bayern Munich,1621085400,nl NED,27-336,90,6,2,4,83.3,3.0,7,13,53.8,31,4,29.0,34.0,7,57.1,47.1,18,0,0.0,0,5.0,a92ab7be,Mark Flekken,Freiburg,True
Augsburg,Werder Bremen,1621085400,pl POL,33-201,90,4,0,4,100.0,0.3,8,30,26.7,29,3,75.9,48.3,8,100.0,63.3,22,2,9.1,2,17.5,17376543,Rafał Gikiewicz,Augsburg,True
Mönchengladbach,Stuttgart,1621085400,ch SUI,32-149,90,6,2,4,66.7,1.2,2,12,16.7,43,4,25.6,30.4,4,25.0,24.5,8,0,0.0,1,24.5,420c18a1,Yann Sommer,Mönchengladbach,True
Bayer Leverkusen,Union Berlin,1621085400,fi FIN,31-172,90,6,1,5,83.3,1.6,6,24,25.0,45,11,42.2,38.4,8,62.5,46.9,23,1,4.3,1,16.0,ad3389d5,Lukáš Hrádecký,Bayer Leverkusen,True
Hertha BSC,Köln,1621085400,de GER,28-347,90,4,0,4,100.0,0.5,5,21,23.8,31,6,29.0,34.2,13,92.3,64.4,21,1,4.8,1,11.5,0d55d942,Alexander Schwolow,Hertha BSC,True
Mainz 05,Dortmund,1621180800,de GER,23-050,90,4,3,1,25.0,2.2,1,3,33.3,14,3,21.4,26.6,13,0.0,19.5,8,1,12.5,0,11.3,dee3013b,Finn Dahmen,Mainz 05,True
RB Leipzig,Wolfsburg,1621189800,hu HUN,31-010,90,5,2,3,60.0,1.4,0,4,0.0,31,5,12.9,26.1,5,0.0,12.0,6,0,0.0,1,19.0,bcb2ccd8,Péter Gulácsi,RB Leipzig,True
Wolfsburg,Mainz 05,1621690200,at AUT,33-190,90,7,3,4,57.1,1.8,4,11,36.4,30,4,23.3,28.0,8,50.0,45.6,12,0,0.0,0,11.3,c89e8aae,Pavao Pervan,Wolfsburg,True
Stuttgart,Arminia,1621690200,ch SUI,23-167,90,3,2,1,66.7,1.8,0,2,0.0,18,4,11.1,21.6,7,0.0,17.4,11,1,9.1,0,7.7,cd59b9df,Gregor Kobel,Stuttgart,True
Union Berlin,RB Leipzig,1621690200,de GER,34-073,90,8,1,7,87.5,1.7,12,21,57.1,31,4,51.6,37.8,7,71.4,48.4,13,1,7.7,1,13.3,7fe12375,Andreas Luthe,Union Berlin,True
Köln,Schalke 04,1621690200,de GER,28-010,90,0,0,0,,0.0,0,2,0.0,12,1,8.3,29.4,5,20.0,30.0,6,0,0.0,0,13.7,3cd9e95a,Timo Horn,Köln,True
Werder Bremen,Mönchengladbach,1621690200,cz CZE,29-038,90,8,4,4,50.0,2.9,6,8,75.0,26,5,23.1,26.2,3,66.7,44.0,9,1,11.1,1,19.7,0a1cb833,Jiří Pavlenka,Werder Bremen,True
Bayern Munich,Augsburg,1621690200,de GER,35-056,90,4,2,1,50.0,2.6,3,3,100.0,27,4,11.1,27.8,4,0.0,23.0,10,0,0.0,12,30.9,8778c910,Manuel Neuer,Bayern Munich,True
Dortmund,Bayer Leverkusen,1621690200,ch SUI,30-189,90,7,1,6,100.0,1.4,5,11,45.5,39,7,25.6,28.7,9,11.1,24.2,9,0,0.0,0,9.0,9d12e142,Roman Bürki,Dortmund,True
Hoffenheim,Hertha BSC,1621690200,de GER,36-021,90,5,1,4,80.0,1.9,3,5,60.0,27,3,14.8,23.9,8,12.5,27.5,8,0,0.0,0,4.0,c41f7379,Philipp Pentke,Hoffenheim,True
Eintracht Frankfurt,Freiburg,1621690200,de GER,19-093,90,6,1,5,83.3,0.8,4,17,23.5,33,9,45.5,35.3,10,20.0,25.4,14,1,7.1,2,10.3,8758ddf4,Elias Bördner,Eintracht Frankfurt,True
Bayern Munich,Schalke 04,1600453800,de GER,31-357,90,11,8,3,36.4,4.9,4,23,17.4,32,5,53.1,39.6,10,60.0,43.4,14,0,0.0,0,5.0,1e43fad8,Ralf Fährmann,,True
Köln,Hoffenheim,1600522200,de GER,30-109,90,6,2,4,66.7,2.4,7,22,31.8,41,6,29.3,30.8,12,83.3,55.7,13,1,7.7,2,17.5,47064058,Oliver Baumann,,True
Union Berlin,Augsburg,1600522200,pl POL,32-329,90,3,1,2,66.7,0.4,6,18,33.3,39,8,33.3,32.6,6,83.3,58.3,26,1,3.8,0,12.7,17376543,Rafał Gikiewicz,,True
Stuttgart,Freiburg,1600522200,de GER,22-311,90,6,2,4,66.7,1.4,7,23,30.4,28,2,39.3,32.7,12,100.0,67.3,19,0,0.0,0,12.5,cbac6ec9,Florian Müller,,True
Werder Bremen,Hertha BSC,1600522200,de GER,28-109,90,6,1,5,83.3,0.7,9,20,45.0,39,5,28.2,32.2,10,90.0,62.5,20,1,5.0,1,15.3,0d55d942,Alexander Schwolow,,True
Eintracht Frankfurt,Arminia,1600522200,de GER,27-318,90,6,1,5,83.3,2.5,11,30,36.7,43,6,53.5,43.2,9,77.8,60.6,26,0,0.0,0,8.0,c1242d4e,Stefan Ortega,,True
Dortmund,Mönchengladbach,1600533000,ch SUI,31-277,90,4,3,1,50.0,2.0,0,1,0.0,23,2,4.3,21.7,6,0.0,20.2,4,0,0.0,0,9.5,420c18a1,Yann Sommer,,True
RB Leipzig,Mainz 05,1600608600,de GER,25-328,90,9,3,6,77.8,3.0,0,4,0.0,23,8,13.0,28.9,11,9.1,24.8,14,0,0.0,0,13.0,5c4bf6ba,Robin Zentner,,True
Wolfsburg,Bayer Leverkusen,1600617600,fi FIN,30-301,90,1,0,1,100.0,0.4,5,9,55.6,40,7,17.5,26.2,6,33.3,30.3,12,0,0.0,1,12.7,ad3389d5,Lukáš Hrádecký,,True
Hertha BSC,Eintracht Frankfurt,1601058600,de GER,30-079,90,6,1,6,83.3,1.0,11,18,61.1,33,6,45.5,39.8,5,60.0,49.2,20,0,0.0,2,14.3,ce17b5eb,Kevin Trapp,,True
Augsburg,Dortmund,1601127000,ch SUI,29-317,90,4,2,2,50.0,1.8,1,3,33.3,24,4,12.5,25.6,5,0.0,24.6,6,0,0.0,1,32.0,9d12e142,Roman Bürki,,True
Bayer Leverkusen,RB Leipzig,1601127000,hu HUN,30-143,90,4,1,3,75.0,0.5,6,17,35.3,33,3,42.4,38.2,9,33.3,33.6,16,1,6.3,2,18.7,bcb2ccd8,Péter Gulácsi,,True
Mönchengladbach,Union Berlin,1601127000,de GER,33-200,90,6,1,5,83.3,2.5,7,23,30.4,33,2,48.5,37.5,8,87.5,52.1,16,2,12.5,1,23.8,7fe12375,Andreas Luthe,,True
Mainz 05,Stuttgart,1601127000,ch SUI,22-295,90,2,1,1,50.0,0.9,7,14,50.0,24,4,41.7,35.3,9,44.4,39.3,13,0,0.0,3,23.7,cd59b9df,Gregor Kobel,,True
Arminia,Köln,1601127000,de GER,27-137,90,2,1,1,50.0,0.1,4,11,36.4,32,8,28.1,30.8,8,25.0,24.3,13,1,7.7,2,19.8,3cd9e95a,Timo Horn,,True
Schalke 04,Werder Bremen,1601137800,cz CZE,28-165,90,4,1,3,75.0,1.0,5,15,33.3,19,5,57.9,44.7,4,100.0,63.3,19,4,21.1,1,10.0,0a1cb833,Jiří Pavlenka,,True
Hoffenheim,Bayern Munich,1601213400,de GER,34-184,90,8,4,4,62.5,3.3,4,6,66.7,25,6,20.0,28.3,6,16.7,30.8,11,0,0.0,1,23.5,8778c910,Manuel Neuer,,True
Freiburg,Wolfsburg,1601222400,at AUT,32-319,90,7,1,6,85.7,1.6,7,17,41.2,23,1,47.8,38.6,9,66.7,49.2,23,0,0.0,0,10.0,c89e8aae,Pavao Pervan,,True
Union Berlin,Mainz 05,1601663400,de GER,25-340,90,7,4,3,42.9,2.4,2,8,25.0,25,7,24.0,31.0,5,40.0,40.4,13,2,15.4,2,14.8,5c4bf6ba,Robin Zentner,,True
Stuttgart,Bayer Leverkusen,1601731800,fi FIN,30-314,90,2,1,1,50.0,0.8,4,16,25.0,39,3,33.3,33.2,11,27.3,37.2,13,0,0.0,2,20.5,ad3389d5,Lukáš Hrádecký,,True
Dortmund,Freiburg,1601731800,de GER,22-325,90,7,4,3,42.9,3.0,4,17,23.5,30,3,33.3,37.4,10,70.0,51.0,5,0,0.0,0,11.0,cbac6ec9,Florian Müller,,True
Köln,Mönchengladbach,1601731800,ch SUI,31-291,90,2,1,1,50.0,0.1,3,13,23.1,57,6,21.1,29.4,6,16.7,27.2,14,0,0.0,1,12.5,420c18a1,Yann Sommer,,True
Werder Bremen,Arminia,1601731800,de GER,27-332,90,2,1,1,50.0,0.7,14,21,66.7,72,7,27.8,30.7,7,14.3,30.3,11,0,0.0,1,24.3,c1242d4e,Stefan Ortega,,True
Eintracht Frankfurt,Hoffenheim,1601731800,de GER,30-123,90,6,2,4,66.7,2.3,4,15,26.7,40,7,32.5,32.7,12,16.7,29.3,13,1,7.7,0,9.3,47064058,Oliver Baumann,,True
RB Leipzig,Schalke 04,1601742600,de GER,32-006,45,3,3,1,0.0,1.4,6,14,42.9,18,2,50.0,35.2,6,83.3,46.8,8,,,,6.5,1e43fad8,Ralf Fährmann,,True
RB Leipzig,Schalke 04,1601742600,dk DEN,28-060,45,4,1,3,100.0,2.0,1,4,25.0,13,3,23.1,32.5,6,16.7,24.8,9,0,0.0,0,,a70b8345,Frederik Rønnow,,True
Wolfsburg,Augsburg,1601818200,pl POL,32-344,90,6,0,6,100.0,1.2,6,23,26.1,30,8,53.3,41.1,9,77.8,55.3,26,1,3.8,0,10.7,17376543,Rafał Gikiewicz,,True
Bayern Munich,Hertha BSC,1601827200,de GER,28-124,90,9,4,5,66.7,4.7,3,13,23.1,17,2,35.3,34.8,11,63.6,51.4,24,0,0.0,0,5.0,0d55d942,Alexander Schwolow,,True
Augsburg,RB Leipzig,1602941400,hu HUN,30-164,90,2,0,2,100.0,0.8,2,3,66.7,30,7,6.7,20.5,2,50.0,47.5,9,0,0.0,2,40.5,bcb2ccd8,Péter Gulácsi,,True
Freiburg,Werder Bremen,1602941400,cz CZE,28-186,90,4,1,3,75.0,1.0,9,16,56.3,23,3,47.8,41.1,11,45.5,42.5,22,1,4.5,2,13.0,0a1cb833,Jiří Pavlenka,,True
Hoffenheim,Dortmund,1602941400,ch SUI,33-029,90,3,0,3,100.0,0.5,9,17,52.9,29,6,41.4,34.2,7,71.4,55.0,14,1,7.1,0,8.7,2e7ff968,Marwin Hitz,,True
Hertha BSC,Stuttgart,1602941400,ch SUI,22-316,90,4,0,4,100.0,0.3,2,15,13.3,23,6,56.5,39.1,11,18.2,22.2,21,0,0.0,0,10.0,cd59b9df,Gregor Kobel,,True
Mainz 05,Bayer Leverkusen,1602941400,fi FIN,30-328,90,0,0,0,,0.0,4,12,33.3,43,6,23.3,31.0,7,28.6,29.7,15,2,13.3,2,15.5,ad3389d5,Lukáš Hrádecký,,True
Arminia,Bayern Munich,1602952200,de GER,34-204,90,5,1,4,80.0,1.7,5,7,71.4,36,7,19.4,27.8,4,0.0,26.0,9,1,11.1,0,14.0,8778c910,Manuel Neuer,,True
Mönchengladbach,Wolfsburg,1602959400,be BEL,28-114,90,2,1,1,100.0,1.1,6,18,33.3,40,6,27.5,33.2,8,87.5,54.3,13,0,0.0,0,,db401046,Koen Casteels,,True
Köln,Eintracht Frankfurt,1603027800,de GER,30-102,90,5,1,4,80.0,2.0,19,29,65.5,50,2,48.0,34.1,5,100.0,72.8,12,0,0.0,2,15.8,ce17b5eb,Kevin Trapp,,True
Schalke 04,Union Berlin,1603036800,de GER,33-222,90,4,1,3,75.0,0.3,7,17,41.2,27,2,55.6,41.1,3,66.7,46.3,10,0,0.0,0,15.0,7fe12375,Andreas Luthe,,True
Stuttgart,Köln,1603477800,de GER,27-164,90,4,1,3,75.0,1.2,9,16,56.3,36,3,41.7,35.7,8,12.5,22.3,9,0,0.0,1,13.3,3cd9e95a,Timo Horn,,True
Mainz 05,Mönchengladbach,1603546200,ch SUI,31-312,90,7,2,5,71.4,2.6,3,8,37.5,30,4,26.7,31.0,4,0.0,15.0,10,0,0.0,0,,420c18a1,Yann Sommer,,True
Union Berlin,Freiburg,1603546200,de GER,22-346,90,7,1,6,85.7,1.2,6,25,24.0,31,3,45.2,37.8,12,91.7,68.6,18,0,0.0,1,21.5,cbac6ec9,Florian Müller,,True
Bayern Munich,Eintracht Frankfurt,1603546200,de GER,30-108,90,9,5,4,44.4,3.3,7,16,43.8,25,4,48.0,40.0,9,44.4,39.2,21,1,4.8,0,7.8,ce17b5eb,Kevin Trapp,,True
RB Leipzig,Hertha BSC,1603546200,de GER,28-144,90,8,2,6,87.5,2.8,7,26,26.9,30,6,40.0,34.7,18,77.8,55.3,18,1,5.6,1,12.0,0d55d942,Alexander Schwolow,,True
Dortmund,Schalke 04,1603557000,dk DEN,28-081,90,7,3,4,57.1,1.6,4,14,28.6,20,4,50.0,37.8,6,66.7,52.7,10,1,10.0,0,3.0,a70b8345,Frederik Rønnow,,True
Wolfsburg,Arminia,1603636200,de GER,27-354,90,4,2,2,50.0,1.3,8,24,33.3,55,2,40.0,33.6,4,50.0,45.0,18,1,5.6,2,16.8,c1242d4e,Stefan Ortega,,True
Werder Bremen,Hoffenheim,1603645200,de GER,35-177,90,2,1,1,50.0,0.2,0,4,0.0,25,5,16.0,27.6,4,0.0,27.3,4,0,0.0,2,29.0,c41f7379,Philipp Pentke,,True
Bayer Leverkusen,Augsburg,1603740600,pl POL,33-000,90,7,3,4,71.4,2.3,6,12,50.0,35,6,28.6,28.5,6,33.3,30.5,13,0,0.0,2,22.7,17376543,Rafał Gikiewicz,,True
Schalke 04,Stuttgart,1604086200,ch SUI,22-329,90,2,1,1,50.0,0.9,4,7,57.1,25,6,24.0,28.5,5,20.0,19.8,9,0,0.0,4,18.7,cd59b9df,Gregor Kobel,,True
Eintracht Frankfurt,Werder Bremen,1604154600,cz CZE,28-200,90,5,1,4,80.0,1.7,12,23,52.2,26,6,53.8,46.4,10,90.0,62.3,26,1,3.8,0,10.0,0a1cb833,Jiří Pavlenka,,True
Augsburg,Mainz 05,1604154600,de GER,26-003,90,6,3,3,50.0,2.6,2,5,40.0,30,8,6.7,20.9,9,33.3,32.9,10,0,0.0,5,24.7,5c4bf6ba,Robin Zentner,,True
Köln,Bayern Munich,1604154600,de GER,34-218,90,2,1,1,50.0,0.2,2,5,40.0,28,6,14.3,25.4,5,20.0,37.6,19,0,0.0,4,25.2,8778c910,Manuel Neuer,,True
Arminia,Dortmund,1604154600,ch SUI,29-352,90,2,0,2,100.0,0.4,5,10,50.0,28,3,28.6,32.8,4,50.0,45.8,4,0,0.0,0,17.0,9d12e142,Roman Bürki,,True
Mönchengladbach,RB Leipzig,1604165400,hu HUN,30-178,90,3,1,2,66.7,0.5,4,10,40.0,36,8,25.0,29.7,1,100.0,45.0,9,1,11.1,5,25.0,bcb2ccd8,Péter Gulácsi,,True
Freiburg,Bayer Leverkusen,1604241000,fi FIN,30-343,90,5,2,3,60.0,1.9,6,27,22.2,60,5,41.7,36.5,5,40.0,41.6,10,0,0.0,1,24.0,ad3389d5,Lukáš Hrádecký,,True
Hertha BSC,Wolfsburg,1604250000,be BEL,28-129,90,5,1,4,80.0,0.8,5,11,45.5,17,5,41.2,33.5,9,44.4,39.3,19,2,10.5,1,10.3,db401046,Koen Casteels,,True
Hoffenheim,Union Berlin,1604345400,de GER,33-237,90,4,1,3,75.0,0.7,4,19,21.1,32,5,43.8,38.1,7,71.4,44.0,11,0,0.0,0,9.0,7fe12375,Andreas Luthe,,True
Werder Bremen,Köln,1604691000,de GER,27-178,39,1,,1,,0.1,1,1,100.0,9,3,,23.6,2,,25.5,5,,,,,3cd9e95a,Timo Horn,,True
Werder Bremen,Köln,1604691000,de GER,31-268,51,3,1,2,100.0,1.2,6,11,54.5,17,4,35.3,33.5,6,83.3,49.7,15,1,6.7,0,13.0,a0606ae8,Ron-Robert Zieler,,True
Union Berlin,Arminia,1604759400,de GER,28-001,90,9,5,4,55.6,3.7,1,4,25.0,35,4,8.6,25.9,3,33.3,26.7,9,0,0.0,0,19.0,c1242d4e,Stefan Ortega,,True
Augsburg,Hertha BSC,1604759400,de GER,28-158,90,1,0,1,100.0,0.3,2,6,33.3,22,4,13.6,27.4,6,50.0,40.7,8,3,37.5,1,11.7,0d55d942,Alexander Schwolow,,True
RB Leipzig,Freiburg,1604759400,de GER,22-360,90,7,3,4,71.4,2.8,1,12,8.3,33,4,30.3,34.8,5,40.0,37.2,13,0,0.0,1,14.0,cbac6ec9,Florian Müller,,True
Stuttgart,Eintracht Frankfurt,1604759400,de GER,30-122,90,5,2,3,80.0,2.3,5,10,50.0,24,3,33.3,31.2,8,25.0,40.5,12,0,0.0,1,14.8,ce17b5eb,Kevin Trapp,,True
Mainz 05,Schalke 04,1604759400,dk DEN,28-095,90,7,2,5,100.0,4.0,2,5,40.0,30,8,10.0,27.5,6,33.3,31.2,8,2,25.0,0,3.5,a70b8345,Frederik Rønnow,,True
Dortmund,Bayern Munich,1604770200,de GER,34-225,90,5,2,3,60.0,1.9,8,20,40.0,49,7,36.7,32.9,8,25.0,34.9,12,0,0.0,7,26.8,8778c910,Manuel Neuer,,True
Wolfsburg,Hoffenheim,1604845800,de GER,30-159,90,7,2,5,71.4,1.9,5,14,35.7,35,5,37.1,31.5,5,20.0,23.6,8,1,12.5,2,21.3,47064058,Oliver Baumann,,True
Bayer Leverkusen,Mönchengladbach,1604854800,ch SUI,31-327,90,4,4,0,0.0,1.4,2,9,22.2,31,2,25.8,28.2,8,12.5,19.4,17,0,0.0,1,16.8,420c18a1,Yann Sommer,,True
Mönchengladbach,Augsburg,1605969000,pl POL,33-026,90,6,1,5,83.3,1.1,4,16,25.0,40,4,25.0,27.0,13,46.2,41.5,14,0,0.0,2,31.0,17376543,Rafał Gikiewicz,,True
Hoffenheim,Stuttgart,1605969000,ch SUI,22-351,90,8,3,5,75.0,2.2,2,6,33.3,38,11,15.8,24.4,6,0.0,12.3,14,1,7.1,3,17.7,cd59b9df,Gregor Kobel,,True
Arminia,Bayer Leverkusen,1605969000,fi FIN,30-363,90,0,1,0,,0.0,7,19,36.8,44,3,43.2,34.0,2,0.0,21.0,7,1,14.3,8,22.6,ad3389d5,Lukáš Hrádecký,,True
Schalke 04,Wolfsburg,1605969000,be BEL,28-149,90,7,0,7,100.0,1.1,7,19,36.8,40,7,32.5,34.0,7,85.7,55.4,18,1,5.6,0,7.0,db401046,Koen Casteels,,True
Bayern Munich,Werder Bremen,1605969000,cz CZE,28-221,90,2,1,1,50.0,0.9,9,19,47.4,21,9,47.6,35.1,17,52.9,45.5,21,1,4.8,0,4.3,0a1cb833,Jiří Pavlenka,,True
Eintracht Frankfurt,RB Leipzig,1605979800,hu HUN,30-199,90,3,1,2,66.7,0.8,7,15,46.7,34,4,29.4,31.2,12,41.7,33.1,10,2,20.0,4,19.7,bcb2ccd8,Péter Gulácsi,,True
Hertha BSC,Dortmund,1605987000,ch SUI,30-007,90,3,2,1,66.7,1.1,2,7,28.6,18,5,38.9,33.3,3,0.0,14.7,11,0,0.0,0,15.0,9d12e142,Roman Bürki,,True
Freiburg,Mainz 05,1606055400,de GER,26-025,90,6,1,5,83.3,0.9,7,24,29.2,25,8,56.0,43.5,11,90.9,62.8,30,3,10.0,0,6.3,5c4bf6ba,Robin Zentner,,True
Köln,Union Berlin,1606064400,de GER,33-257,90,3,1,2,66.7,1.0,3,11,27.3,27,4,25.9,27.9,9,44.4,35.2,14,0,0.0,0,7.0,7fe12375,Andreas Luthe,,True
Wolfsburg,Werder Bremen,1606505400,cz CZE,28-227,90,6,5,1,16.7,2.7,3,10,30.0,26,9,34.6,31.4,6,16.7,26.2,10,0,0.0,2,21.7,0a1cb833,Jiří Pavlenka,,True
Stuttgart,Bayern Munich,1606573800,de GER,34-246,90,4,1,3,75.0,1.4,5,11,45.5,39,6,23.1,30.9,10,20.0,29.8,11,1,9.1,1,11.7,8778c910,Manuel Neuer,,True
RB Leipzig,Arminia,1606573800,de GER,28-022,90,6,2,3,66.7,2.8,17,32,53.1,56,2,53.6,39.8,5,40.0,29.8,9,0,0.0,0,15.0,c1242d4e,Stefan Ortega,,True
Union Berlin,Eintracht Frankfurt,1606573800,de GER,30-143,90,7,3,4,71.4,2.9,7,13,53.8,34,4,29.4,29.0,7,42.9,35.0,16,1,6.3,1,11.6,ce17b5eb,Kevin Trapp,,True
Dortmund,Köln,1606573800,de GER,27-200,90,5,1,4,80.0,1.7,13,28,46.4,27,2,70.4,49.1,10,90.0,55.1,12,0,0.0,0,,3cd9e95a,Timo Horn,,True
Augsburg,Freiburg,1606573800,de GER,23-015,90,2,1,1,50.0,0.4,11,24,45.8,36,3,38.9,39.4,11,90.9,60.5,15,0,0.0,0,,cbac6ec9,Florian Müller,,True
Mönchengladbach,Schalke 04,1606584600,dk DEN,28-116,90,9,4,5,55.6,2.3,4,10,40.0,25,4,32.0,29.5,7,28.6,31.0,11,1,9.1,2,16.6,a70b8345,Frederik Rønnow,,True
Bayer Leverkusen,Hertha BSC,1606660200,de GER,28-180,90,1,0,1,100.0,0.1,7,15,46.7,38,3,28.9,35.3,9,44.4,39.2,16,0,0.0,0,8.0,0d55d942,Alexander Schwolow,,True
Mainz 05,Hoffenheim,1606669200,de GER,30-180,90,3,1,2,66.7,1.1,4,10,40.0,29,4,34.5,32.4,3,0.0,16.7,24,1,4.2,0,4.0,47064058,Oliver Baumann,,True
Hertha BSC,Union Berlin,1607110200,de GER,33-269,90,7,3,4,57.1,1.4,8,14,57.1,18,3,50.0,41.9,6,83.3,55.5,18,0,0.0,0,3.0,7fe12375,Andreas Luthe,,True
Eintracht Frankfurt,Dortmund,1607178600,ch SUI,30-021,90,1,1,0,0.0,0.7,3,12,25.0,33,5,27.3,28.0,7,42.9,36.1,12,0,0.0,1,12.8,9d12e142,Roman Bürki,,True
Köln,Wolfsburg,1607178600,be BEL,28-163,90,3,2,1,33.3,2.1,3,8,37.5,28,5,17.9,25.4,4,75.0,59.0,11,1,9.1,1,12.2,db401046,Koen Casteels,,True
Arminia,Mainz 05,1607178600,de GER,26-038,90,5,2,3,60.0,1.0,3,13,23.1,28,12,28.6,30.1,8,62.5,51.3,15,0,0.0,3,25.0,5c4bf6ba,Robin Zentner,,True
Freiburg,Mönchengladbach,1607178600,ch SUI,31-354,90,7,2,5,85.7,1.7,8,13,61.5,43,6,27.9,29.6,12,8.3,20.7,17,0,0.0,0,10.0,420c18a1,Yann Sommer,,True
Bayern Munich,RB Leipzig,1607189400,hu HUN,30-213,90,5,3,2,40.0,1.7,5,9,55.6,29,11,31.0,32.8,8,0.0,15.9,20,1,5.0,0,6.2,bcb2ccd8,Péter Gulácsi,,True
Werder Bremen,Stuttgart,1607265000,ch SUI,23-000,90,3,1,2,66.7,0.5,4,12,33.3,36,8,33.3,28.9,9,0.0,10.4,17,0,0.0,1,18.6,cd59b9df,Gregor Kobel,,True
Schalke 04,Bayer Leverkusen,1607274000,fi FIN,31-012,90,4,0,3,100.0,1.2,6,18,33.3,45,6,33.3,35.5,5,60.0,43.8,10,0,0.0,1,28.0,ad3389d5,Lukáš Hrádecký,,True
Hoffenheim,Augsburg,1607369400,pl POL,33-042,90,7,3,4,57.1,2.6,4,6,66.7,30,7,20.0,29.9,3,0.0,18.0,13,2,15.4,0,8.6,17376543,Rafał Gikiewicz,,True
Wolfsburg,Eintracht Frankfurt,1607715000,de GER,30-156,90,9,2,7,88.9,3.4,8,24,33.3,41,8,51.2,38.0,8,37.5,37.1,16,1,6.3,1,11.4,ce17b5eb,Kevin Trapp,,True
Mainz 05,Köln,1607783400,de GER,27-214,90,4,0,4,100.0,0.5,11,28,39.3,35,3,60.0,44.4,11,63.6,46.4,26,1,3.8,0,7.0,3cd9e95a,Timo Horn,,True
Freiburg,Arminia,1607783400,de GER,28-036,90,7,2,5,85.7,2.0,11,29,37.9,70,5,32.9,34.5,8,75.0,55.5,13,0,0.0,2,38.0,c1242d4e,Stefan Ortega,,True
Dortmund,Stuttgart,1607783400,ch SUI,23-006,90,4,1,3,75.0,1.3,2,11,18.2,21,5,47.6,39.1,5,20.0,21.0,12,1,8.3,0,7.7,cd59b9df,Gregor Kobel,,True
RB Leipzig,Werder Bremen,1607783400,cz CZE,28-242,90,7,2,5,85.7,1.9,2,7,28.6,36,7,16.7,26.8,6,16.7,22.7,7,0,0.0,1,9.9,0a1cb833,Jiří Pavlenka,,True
Mönchengladbach,Hertha BSC,1607783400,de GER,28-193,90,3,1,2,66.7,1.3,9,19,47.4,32,4,37.5,34.3,9,77.8,51.3,27,0,0.0,2,16.2,0d55d942,Alexander Schwolow,,True
Union Berlin,Bayern Munich,1607794200,de GER,34-260,90,5,1,4,80.0,1.9,5,8,62.5,36,6,16.7,27.5,8,25.0,39.0,10,0,0.0,4,25.0,8778c910,Manuel Neuer,,True
Augsburg,Schalke 04,1607869800,de GER,32-077,90,4,2,3,50.0,1.2,3,9,33.3,31,11,12.9,25.4,7,71.4,49.9,10,0,0.0,1,20.0,1e43fad8,Ralf Fährmann,,True
Bayer Leverkusen,Hoffenheim,1607878800,de GER,30-194,90,8,4,4,62.5,3.3,6,12,50.0,32,5,31.3,31.7,7,28.6,26.9,8,0,0.0,2,16.1,47064058,Oliver Baumann,,True
Eintracht Frankfurt,Mönchengladbach,1608053400,ch SUI,31-364,90,3,3,0,33.3,2.2,11,18,61.1,47,6,31.9,32.4,6,50.0,33.3,10,0,0.0,1,24.0,420c18a1,Yann Sommer,,True
Werder Bremen,Dortmund,1608060600,ch SUI,30-031,90,3,1,2,66.7,0.8,1,8,12.5,21,4,28.6,32.7,7,28.6,28.7,11,0,0.0,1,36.0,9d12e142,Roman Bürki,,True
Stuttgart,Union Berlin,1608060600,de GER,33-280,90,5,2,3,60.0,2.0,10,22,45.5,32,6,53.1,40.8,7,71.4,53.4,9,0,0.0,1,14.7,7fe12375,Andreas Luthe,,True
Hertha BSC,Mainz 05,1608060600,de GER,26-048,90,0,0,0,,0.0,2,13,15.4,22,3,40.9,34.3,11,36.4,33.5,15,0,0.0,0,,5c4bf6ba,Robin Zentner,,True
Schalke 04,Freiburg,1608139800,de GER,23-033,90,2,0,2,100.0,0.2,2,18,11.1,28,6,42.9,36.2,7,85.7,59.1,8,0,0.0,0,,cbac6ec9,Florian Müller,,True
Hoffenheim,RB Leipzig,1608147000,hu HUN,30-224,90,2,0,2,100.0,0.1,4,12,33.3,40,7,27.5,30.0,5,20.0,24.4,10,0,0.0,2,20.5,bcb2ccd8,Péter Gulácsi,,True
Arminia,Augsburg,1608147000,pl POL,33-051,90,2,0,2,100.0,0.1,5,14,35.7,28,7,25.0,31.3,9,77.8,54.8,13,0,0.0,1,17.3,17376543,Rafał Gikiewicz,,True
Köln,Bayer Leverkusen,1608147000,fi FIN,31-022,90,0,0,0,,0.0,3,9,33.3,39,6,15.4,23.1,6,50.0,34.7,12,0,0.0,1,17.5,ad3389d5,Lukáš Hrádecký,,True
Bayern Munich,Wolfsburg,1608147000,be BEL,28-174,90,2,2,0,0.0,1.6,7,12,58.3,22,4,40.9,36.3,5,60.0,43.2,18,1,5.6,5,18.8,db401046,Koen Casteels,,True
Union Berlin,Dortmund,1608319800,ch SUI,30-034,90,5,2,3,60.0,1.7,2,7,28.6,31,7,12.9,22.8,6,50.0,44.7,14,0,0.0,1,19.0,9d12e142,Roman Bürki,,True
Augsburg,Eintracht Frankfurt,1608388200,de GER,30-164,90,4,0,4,100.0,0.8,8,19,42.1,33,9,39.4,36.4,13,46.2,44.0,10,1,10.0,1,12.0,ce17b5eb,Kevin Trapp,,True
RB Leipzig,Köln,1608388200,de GER,27-221,90,6,0,6,100.0,0.6,15,32,46.9,52,2,50.0,40.1,10,60.0,40.4,19,0,0.0,0,4.3,3cd9e95a,Timo Horn,,True
Schalke 04,Arminia,1608388200,de GER,28-043,90,2,0,2,100.0,0.4,12,32,37.5,46,3,63.0,45.7,6,50.0,38.2,7,0,0.0,0,,c1242d4e,Stefan Ortega,,True
Mönchengladbach,Hoffenheim,1608388200,de GER,30-200,90,5,1,4,100.0,1.4,5,8,62.5,27,5,25.9,25.3,9,11.1,19.1,8,0,0.0,0,14.0,47064058,Oliver Baumann,,True
Mainz 05,Werder Bremen,1608388200,cz CZE,28-249,90,1,0,1,100.0,0.0,3,6,50.0,28,3,17.9,27.0,9,11.1,25.2,18,0,0.0,0,18.0,0a1cb833,Jiří Pavlenka,,True
Bayer Leverkusen,Bayern Munich,1608399000,de GER,34-267,90,2,1,1,50.0,0.2,6,19,31.6,64,11,28.1,28.7,8,12.5,25.0,9,0,0.0,8,26.9,8778c910,Manuel Neuer,,True
Freiburg,Hertha BSC,1608474600,de GER,28-201,90,9,4,5,66.7,3.2,4,8,50.0,35,9,20.0,26.4,6,16.7,25.5,21,0,0.0,1,18.0,0d55d942,Alexander Schwolow,,True
Wolfsburg,Stuttgart,1608483600,ch SUI,23-014,90,5,1,4,80.0,1.5,2,6,33.3,33,6,18.2,23.7,11,0.0,17.7,12,0,0.0,1,19.7,cd59b9df,Gregor Kobel,,True
Eintracht Frankfurt,Bayer Leverkusen,1609597800,fi FIN,31-039,90,4,2,3,50.0,1.0,4,13,30.8,41,5,31.7,31.8,6,0.0,22.3,10,1,10.0,4,23.8,ad3389d5,Lukáš Hrádecký,,True
Arminia,Mönchengladbach,1609597800,ch SUI,32-016,90,0,0,0,,0.0,3,10,30.0,26,2,26.9,30.7,10,30.0,34.5,12,0,0.0,1,17.0,420c18a1,Yann Sommer,,True
Köln,Augsburg,1609597800,pl POL,33-068,90,2,0,2,100.0,0.1,3,11,27.3,19,4,31.6,33.1,7,71.4,44.9,17,1,5.9,0,10.0,17376543,Rafał Gikiewicz,,True
Hoffenheim,Freiburg,1609597800,de GER,23-050,90,6,1,5,83.3,1.6,4,19,21.1,22,4,54.5,40.1,7,100.0,64.3,17,0,0.0,2,13.8,cbac6ec9,Florian Müller,,True
Werder Bremen,Union Berlin,1609597800,de GER,33-298,90,2,0,2,100.0,0.1,5,25,20.0,36,5,58.3,40.0,7,57.1,43.0,14,1,7.1,0,10.0,7fe12375,Andreas Luthe,,True
Hertha BSC,Schalke 04,1609608600,de GER,32-097,90,9,3,6,66.7,1.9,2,16,12.5,23,5,56.5,41.1,7,42.9,36.1,21,1,4.8,0,7.0,1e43fad8,Ralf Fährmann,,True
Stuttgart,RB Leipzig,1609615800,hu HUN,30-241,90,1,0,1,100.0,0.3,7,17,41.2,36,6,33.3,32.3,8,62.5,39.4,10,0,0.0,0,13.0,bcb2ccd8,Péter Gulácsi,,True
Dortmund,Wolfsburg,1609684200,be BEL,28-192,90,7,2,5,71.4,2.3,3,9,33.3,29,2,27.6,30.6,7,14.3,31.3,15,0,0.0,4,28.8,db401046,Koen Casteels,,True
Bayern Munich,Mainz 05,1609693200,de GER,22-282,90,11,5,6,63.6,5.4,0,5,0.0,18,8,27.8,29.7,5,0.0,14.4,22,2,9.1,2,9.3,dee3013b,Finn Dahmen,,True
Mönchengladbach,Bayern Munich,1610134200,de GER,34-287,90,4,3,1,25.0,2.4,2,5,40.0,46,5,10.9,26.5,3,0.0,19.0,4,0,0.0,7,32.6,8778c910,Manuel Neuer,,True
Mainz 05,Eintracht Frankfurt,1610202600,de GER,30-185,90,1,0,1,100.0,0.1,11,24,45.8,41,4,46.3,36.5,7,71.4,52.6,15,0,0.0,0,,ce17b5eb,Kevin Trapp,,True
Union Berlin,Wolfsburg,1610202600,be BEL,28-198,90,6,2,4,66.7,0.9,4,19,21.1,29,8,31.0,34.7,11,90.9,60.5,20,0,0.0,2,17.7,db401046,Koen Casteels,,True
Bayer Leverkusen,Werder Bremen,1610202600,cz CZE,28-270,90,3,1,2,66.7,0.5,11,24,45.8,20,2,80.0,46.7,12,66.7,45.3,28,0,0.0,3,26.3,0a1cb833,Jiří Pavlenka,,True
Freiburg,Köln,1610202600,de GER,27-242,90,6,5,1,16.7,3.7,13,22,59.1,40,1,40.0,35.9,6,100.0,69.7,10,0,0.0,5,20.8,3cd9e95a,Timo Horn,,True
Schalke 04,Hoffenheim,1610202600,de GER,30-221,90,5,4,1,20.0,2.7,2,3,66.7,22,6,9.1,22.2,3,33.3,28.3,9,0,0.0,2,21.3,47064058,Oliver Baumann,,True
RB Leipzig,Dortmund,1610213400,ch SUI,30-056,90,4,1,3,75.0,1.3,8,16,50.0,28,4,35.7,32.6,11,54.5,43.2,15,0,0.0,0,9.0,9d12e142,Roman Bürki,,True
Augsburg,Stuttgart,1610289000,ch SUI,23-035,90,3,1,2,66.7,1.2,0,6,0.0,27,6,22.2,23.6,9,0.0,13.3,9,2,22.2,2,16.5,cd59b9df,Gregor Kobel,,True
Arminia,Hertha BSC,1610298000,de GER,28-222,90,2,1,1,50.0,0.3,6,11,54.5,21,2,19.0,29.9,13,53.8,46.8,17,0,0.0,0,9.7,0d55d942,Alexander Schwolow,,True
Union Berlin,Bayer Leverkusen,1610739000,fi FIN,31-052,90,3,1,2,66.7,1.4,6,12,50.0,40,8,25.0,29.0,7,28.6,38.6,3,0,0.0,1,19.0,ad3389d5,Lukáš Hrádecký,,True
Hoffenheim,Arminia,1610807400,de GER,28-071,90,5,0,5,100.0,0.3,17,23,73.9,52,5,40.4,37.8,8,25.0,32.3,22,2,9.1,0,10.5,c1242d4e,Stefan Ortega,,True
Wolfsburg,RB Leipzig,1610807400,hu HUN,30-255,90,2,2,0,0.0,0.9,5,11,45.5,31,7,32.3,29.4,4,25.0,27.0,14,3,21.4,1,10.5,bcb2ccd8,Péter Gulácsi,,True
Dortmund,Mainz 05,1610807400,de GER,26-080,90,7,1,6,85.7,1.5,9,23,39.1,27,5,55.6,40.3,14,57.1,46.8,15,0,0.0,2,16.2,5c4bf6ba,Robin Zentner,,True
Köln,Hertha BSC,1610807400,de GER,28-228,90,1,0,1,100.0,0.0,8,12,66.7,27,4,22.2,26.7,10,60.0,43.7,17,0,0.0,1,34.0,0d55d942,Alexander Schwolow,,True
Werder Bremen,Augsburg,1610807400,pl POL,33-082,90,5,2,3,60.0,2.8,2,6,33.3,27,5,18.5,28.1,3,33.3,37.0,13,1,7.7,0,10.3,17376543,Rafał Gikiewicz,,True
Stuttgart,Mönchengladbach,1610818200,ch SUI,32-030,90,6,2,4,83.3,1.5,3,14,21.4,36,8,33.3,35.6,5,40.0,40.2,21,0,0.0,2,20.6,420c18a1,Yann Sommer,,True
Bayern Munich,Freiburg,1610893800,de GER,23-065,90,9,2,7,77.8,3.4,6,19,31.6,31,4,38.7,35.3,10,70.0,45.2,26,0,0.0,0,8.5,cbac6ec9,Florian Müller,,True
Eintracht Frankfurt,Schalke 04,1610902800,de GER,32-112,90,11,3,8,72.7,2.7,5,23,21.7,29,4,44.8,37.7,11,90.9,55.2,20,2,10.0,1,9.0,1e43fad8,Ralf Fährmann,,True
Mönchengladbach,Werder Bremen,1611077400,cz CZE,28-280,90,6,1,5,83.3,1.1,5,13,38.5,29,5,37.9,34.1,4,50.0,40.5,19,0,0.0,2,21.7,0a1cb833,Jiří Pavlenka,,True
Bayer Leverkusen,Dortmund,1611084600,ch SUI,30-066,90,13,2,11,84.6,1.7,3,11,27.3,46,13,21.7,27.9,5,20.0,29.2,7,0,0.0,1,21.0,9d12e142,Roman Bürki,,True
Hertha BSC,Hoffenheim,1611084600,de GER,30-231,90,2,0,1,100.0,1.2,3,17,17.6,31,3,45.2,37.9,8,37.5,27.6,17,0,0.0,1,25.0,47064058,Oliver Baumann,,True
Mainz 05,Wolfsburg,1611084600,be BEL,28-208,90,0,0,0,,0.0,7,15,46.7,37,5,32.4,34.1,7,42.9,43.1,9,0,0.0,4,23.5,db401046,Koen Casteels,,True
Schalke 04,Köln,1611163800,de GER,27-253,90,6,1,5,83.3,1.8,5,18,27.8,30,5,53.3,37.9,4,50.0,40.8,14,1,7.1,1,13.5,3cd9e95a,Timo Horn,,True
Augsburg,Bayern Munich,1611171000,de GER,34-299,90,0,0,0,,0.0,3,7,42.9,20,5,25.0,28.5,10,20.0,28.3,12,0,0.0,4,22.0,8778c910,Manuel Neuer,,True
Arminia,Stuttgart,1611171000,ch SUI,23-045,90,3,3,1,0.0,1.8,3,8,37.5,31,6,22.6,25.1,8,12.5,22.5,8,0,0.0,0,5.0,cd59b9df,Gregor Kobel,,True
RB Leipzig,Union Berlin,1611171000,de GER,33-316,90,5,1,4,80.0,1.5,9,13,69.2,35,8,17.1,28.7,13,53.8,38.0,15,2,13.3,0,8.0,7fe12375,Andreas Luthe,,True
Freiburg,Eintracht Frankfurt,1611171000,de GER,30-196,90,4,2,2,50.0,1.0,6,16,37.5,33,4,39.4,35.6,8,37.5,31.6,16,0,0.0,0,9.8,ce17b5eb,Kevin Trapp,,True
Mönchengladbach,Dortmund,1611343800,ch SUI,30-069,90,7,4,3,42.9,3.6,2,6,33.3,34,4,11.8,24.0,3,66.7,53.3,6,0,0.0,1,13.3,9d12e142,Roman Bürki,,True
Mainz 05,RB Leipzig,1611412200,hu HUN,30-262,90,4,3,1,25.0,2.0,2,6,33.3,41,10,14.6,24.1,5,0.0,21.8,11,1,9.1,5,22.4,bcb2ccd8,Péter Gulácsi,,True
Arminia,Eintracht Frankfurt,1611412200,de GER,30-199,90,4,1,3,75.0,0.5,3,9,33.3,28,5,25.0,26.4,3,66.7,35.3,10,0,0.0,0,5.0,ce17b5eb,Kevin Trapp,,True
Augsburg,Union Berlin,1611412200,de GER,33-319,90,4,2,2,50.0,1.3,6,13,46.2,33,4,24.2,27.4,10,50.0,41.2,7,1,14.3,1,14.7,7fe12375,Andreas Luthe,,True
Freiburg,Stuttgart,1611412200,ch SUI,23-048,90,5,2,3,60.0,1.3,7,13,53.8,34,8,26.5,26.4,8,50.0,41.3,11,1,9.1,1,14.3,cd59b9df,Gregor Kobel,,True
Bayer Leverkusen,Wolfsburg,1611412200,be BEL,28-212,90,3,0,3,100.0,1.0,10,23,43.5,40,5,45.0,37.6,7,71.4,47.7,17,0,0.0,1,13.5,db401046,Koen Casteels,,True
Hertha BSC,Werder Bremen,1611423000,cz CZE,28-284,90,10,1,8,90.0,2.7,9,21,42.9,25,7,56.0,42.9,8,87.5,60.3,33,0,0.0,0,4.8,0a1cb833,Jiří Pavlenka,,True
Schalke 04,Bayern Munich,1611498600,de GER,34-303,90,3,0,3,100.0,0.5,0,1,0.0,16,6,6.3,24.6,10,0.0,20.0,10,0,0.0,1,26.0,8778c910,Manuel Neuer,,True
Hoffenheim,Köln,1611507600,de GER,27-257,90,4,3,1,75.0,2.2,0,3,0.0,20,6,15.0,28.3,8,0.0,26.5,8,1,12.5,0,11.3,3cd9e95a,Timo Horn,,True
Stuttgart,Mainz 05,1611948600,de GER,26-093,90,3,2,1,33.3,0.6,3,11,27.3,26,10,19.2,29.8,8,75.0,55.1,12,2,16.7,0,8.3,5c4bf6ba,Robin Zentner,,True
Bayern Munich,Hoffenheim,1612017000,de GER,30-242,90,9,4,5,55.6,4.1,4,13,30.8,30,8,33.3,35.8,5,60.0,40.8,22,1,4.5,0,4.0,47064058,Oliver Baumann,,True
Union Berlin,Mönchengladbach,1612017000,ch SUI,32-044,90,2,1,1,50.0,0.7,6,9,66.7,33,4,21.2,25.8,9,22.2,26.1,12,0,0.0,0,,420c18a1,Yann Sommer,,True
Werder Bremen,Schalke 04,1612017000,de GER,32-125,90,5,1,4,80.0,0.7,5,20,25.0,44,8,27.3,32.4,10,80.0,54.2,20,1,5.0,0,12.5,1e43fad8,Ralf Fährmann,,True
Dortmund,Augsburg,1612017000,pl POL,33-096,90,5,3,3,40.0,1.9,2,7,28.6,35,10,17.1,28.8,6,16.7,32.2,20,2,10.0,0,12.8,17376543,Rafał Gikiewicz,,True
Eintracht Frankfurt,Hertha BSC,1612017000,no NOR,36-123,90,7,3,4,71.4,3.1,7,24,29.2,29,3,58.6,44.2,8,87.5,58.1,14,0,0.0,0,11.8,27d2618c,Rune Jarstein,,True
RB Leipzig,Bayer Leverkusen,1612027800,fi FIN,31-067,90,2,1,1,50.0,0.8,6,17,35.3,58,10,29.3,31.6,6,0.0,15.8,13,1,7.7,0,15.7,ad3389d5,Lukáš Hrádecký,,True
Köln,Arminia,1612103400,de GER,28-086,90,6,3,3,50.0,1.9,20,36,55.6,58,4,50.0,39.5,11,63.6,53.4,17,0,0.0,3,24.3,c1242d4e,Stefan Ortega,,True
Wolfsburg,Freiburg,1612112400,de GER,23-079,90,5,3,2,40.0,2.1,5,14,35.7,34,4,32.4,33.8,6,50.0,40.3,19,0,0.0,1,18.3,cbac6ec9,Florian Müller,,True
Hertha BSC,Bayern Munich,1612551600,de GER,34-315,90,7,0,7,100.0,1.3,4,6,66.7,31,6,19.4,28.5,6,0.0,15.7,8,0,0.0,3,22.4,8778c910,Manuel Neuer,,True
Freiburg,Dortmund,1612621800,ch SUI,33-141,90,3,2,1,33.3,0.4,2,5,40.0,41,5,9.8,24.0,8,12.5,26.6,4,0,0.0,1,18.8,2e7ff968,Marwin Hitz,,True
Bayer Leverkusen,Stuttgart,1612621800,ch SUI,23-062,90,11,5,6,54.5,4.6,8,14,57.1,28,5,42.9,34.6,7,28.6,33.0,11,0,0.0,2,23.5,cd59b9df,Gregor Kobel,,True
Schalke 04,RB Leipzig,1612621800,hu HUN,30-276,90,1,0,1,100.0,0.0,0,1,0.0,30,10,3.3,23.2,2,0.0,15.0,5,1,20.0,1,11.2,bcb2ccd8,Péter Gulácsi,,True
Mainz 05,Union Berlin,1612621800,de GER,33-333,90,5,1,4,100.0,1.8,7,22,31.8,39,5,41.0,35.5,7,85.7,51.4,12,0,0.0,1,11.2,7fe12375,Andreas Luthe,,True
Augsburg,Wolfsburg,1612621800,be BEL,28-226,90,1,0,1,100.0,0.1,3,9,33.3,42,9,21.4,28.9,5,0.0,17.0,12,4,33.3,2,15.5,db401046,Koen Casteels,,True
Mönchengladbach,Köln,1612632600,de GER,27-270,90,2,1,1,50.0,0.6,8,24,33.3,44,2,54.5,40.6,4,0.0,20.0,26,2,7.7,1,12.8,3cd9e95a,Timo Horn,,True
Hoffenheim,Eintracht Frankfurt,1612708200,de GER,30-214,90,1,1,0,0.0,0.2,6,14,42.9,29,3,37.9,33.0,9,33.3,32.2,8,1,12.5,1,21.5,ce17b5eb,Kevin Trapp,,True
RB Leipzig,Augsburg,1613158200,pl POL,33-109,90,6,2,4,83.3,2.5,2,13,15.4,45,6,24.4,31.9,9,22.2,32.3,8,2,25.0,3,19.7,17376543,Rafał Gikiewicz,,True
Werder Bremen,Freiburg,1613226600,de GER,23-092,90,4,0,4,100.0,0.8,2,4,50.0,26,7,11.5,26.8,7,14.3,30.0,14,1,7.1,1,12.5,cbac6ec9,Florian Müller,,True
Dortmund,Hoffenheim,1613226600,de GER,30-256,90,3,2,1,33.3,1.3,11,26,42.3,41,7,58.5,41.4,2,100.0,55.5,12,0,0.0,0,18.0,47064058,Oliver Baumann,,True
Stuttgart,Hertha BSC,1613226600,no NOR,36-137,90,3,1,2,66.7,0.5,4,9,44.4,30,4,16.7,29.6,6,66.7,49.3,11,0,0.0,1,16.3,27d2618c,Rune Jarstein,,True
Bayer Leverkusen,Mainz 05,1613226600,de GER,26-108,90,4,2,2,50.0,0.8,3,13,23.1,20,6,30.0,33.2,9,77.8,58.4,6,0,0.0,0,16.0,5c4bf6ba,Robin Zentner,,True
Union Berlin,Schalke 04,1613237400,de GER,32-139,90,3,0,3,100.0,0.8,1,12,8.3,27,6,7.4,24.4,11,90.9,55.7,16,0,0.0,1,28.0,1e43fad8,Ralf Fährmann,,True
Eintracht Frankfurt,Köln,1613313000,de GER,27-278,90,7,2,5,71.4,2.2,8,13,61.5,40,7,30.0,32.7,6,16.7,24.7,18,1,5.6,1,14.7,3cd9e95a,Timo Horn,,True
Wolfsburg,Mönchengladbach,1613322000,ch SUI,32-059,90,6,0,6,100.0,0.8,4,12,33.3,45,3,22.2,27.6,8,25.0,30.6,24,0,0.0,2,19.0,420c18a1,Yann Sommer,,True
Bayern Munich,Arminia,1613417400,de GER,28-101,90,11,3,8,72.7,3.0,8,23,34.8,52,10,36.5,39.4,5,80.0,58.2,23,2,8.7,1,9.3,c1242d4e,Stefan Ortega,,True
Arminia,Wolfsburg,1613763000,be BEL,28-239,90,2,0,2,100.0,0.1,6,12,50.0,37,4,27.0,29.6,6,33.3,33.8,10,0,0.0,1,14.5,db401046,Koen Casteels,,True
Mönchengladbach,Mainz 05,1613831400,de GER,26-115,90,4,1,3,75.0,0.7,7,23,30.4,31,8,58.1,45.5,7,71.4,51.6,15,0,0.0,0,7.7,5c4bf6ba,Robin Zentner,,True
Köln,Stuttgart,1613831400,ch SUI,23-076,90,0,0,0,,0.0,4,15,26.7,28,8,28.6,27.3,11,63.6,48.1,6,0,0.0,1,19.0,cd59b9df,Gregor Kobel,,True
Freiburg,Union Berlin,1613831400,de GER,27-243,90,1,0,1,100.0,0.0,5,15,33.3,23,2,43.5,40.4,8,62.5,55.4,15,1,6.7,0,7.0,32e7ce92,Loris Karius,,True
Eintracht Frankfurt,Bayern Munich,1613831400,de GER,34-330,90,5,2,3,60.0,2.9,3,10,30.0,41,8,24.4,30.0,7,0.0,19.9,12,0,0.0,6,21.0,8778c910,Manuel Neuer,,True
Schalke 04,Dortmund,1613842200,ch SUI,33-155,90,2,0,2,100.0,0.4,1,6,16.7,19,2,10.5,23.6,10,40.0,33.4,7,0,0.0,1,21.0,2e7ff968,Marwin Hitz,,True
Augsburg,Bayer Leverkusen,1613910600,de GER,27-208,90,3,1,2,66.7,0.9,4,5,80.0,30,10,13.3,24.4,5,20.0,30.0,3,0,0.0,2,23.0,9321b8ed,Niklas Lomb,,True
Hertha BSC,RB Leipzig,1613917800,hu HUN,30-291,90,4,0,4,100.0,0.8,4,5,80.0,28,8,17.9,27.7,7,0.0,21.6,8,0,0.0,4,29.0,bcb2ccd8,Péter Gulácsi,,True
Hoffenheim,Werder Bremen,1613926800,cz CZE,28-313,90,6,4,2,33.3,3.1,4,9,44.4,26,8,30.8,33.0,6,16.7,20.5,15,0,0.0,2,23.8,0a1cb833,Jiří Pavlenka,,True
Werder Bremen,Eintracht Frankfurt,1614367800,de GER,30-233,90,5,2,3,60.0,2.0,1,6,16.7,26,6,23.1,29.7,3,0.0,21.3,4,1,25.0,2,22.5,ce17b5eb,Kevin Trapp,,True
Bayern Munich,Köln,1614436200,de GER,27-291,90,7,5,2,28.6,3.6,3,11,27.3,42,5,26.2,30.0,8,0.0,16.9,10,1,10.0,2,15.8,3cd9e95a,Timo Horn,,True
Stuttgart,Schalke 04,1614436200,at AUT,36-052,90,10,5,5,50.0,1.9,2,13,15.4,25,6,40.0,35.3,8,37.5,32.6,23,0,0.0,5,20.0,d20f088b,Michael Langer,,True
Dortmund,Arminia,1614436200,de GER,28-113,90,9,3,6,77.8,3.1,14,23,60.9,56,4,35.7,31.2,8,37.5,38.5,13,0,0.0,2,14.3,c1242d4e,Stefan Ortega,,True
Wolfsburg,Hertha BSC,1614436200,no NOR,36-151,90,2,2,1,0.0,0.4,5,14,35.7,24,4,45.8,38.6,12,25.0,34.7,16,1,6.3,0,5.0,27d2618c,Rune Jarstein,,True
RB Leipzig,Mönchengladbach,1614447000,ch SUI,32-072,90,9,3,6,66.7,1.6,7,30,23.3,46,5,52.2,37.0,11,54.5,44.1,26,0,0.0,2,14.9,420c18a1,Yann Sommer,,True
Union Berlin,Hoffenheim,1614515400,de GER,30-271,90,1,1,0,100.0,1.0,4,13,30.8,40,4,27.5,26.2,2,100.0,54.0,11,0,0.0,3,21.5,47064058,Oliver Baumann,,True
Mainz 05,Augsburg,1614522600,pl POL,33-125,90,6,0,6,100.0,1.4,9,27,33.3,31,8,58.1,43.0,11,81.8,58.1,31,4,12.9,0,6.8,17376543,Rafał Gikiewicz,,True
Bayer Leverkusen,Freiburg,1614531600,de GER,23-107,90,5,1,4,80.0,0.5,7,27,25.9,31,3,29.0,30.2,18,100.0,65.0,21,2,9.5,2,17.3,cbac6ec9,Florian Müller,,True
Schalke 04,Mainz 05,1614972600,de GER,26-128,90,2,0,2,100.0,0.3,6,11,54.5,30,1,36.7,34.9,2,0.0,13.5,5,1,20.0,0,7.0,5c4bf6ba,Robin Zentner,,True
Mönchengladbach,Bayer Leverkusen,1615041000,de GER,22-040,90,3,0,3,100.0,0.2,3,13,23.1,47,8,23.4,27.7,9,22.2,25.3,14,1,7.1,1,16.5,37998008,Lennart Grill,,True
Eintracht Frankfurt,Stuttgart,1615041000,ch SUI,23-090,90,7,1,6,85.7,1.9,3,8,37.5,25,9,28.0,31.2,5,20.0,24.2,30,1,3.3,2,16.0,cd59b9df,Gregor Kobel,,True
Hertha BSC,Augsburg,1615041000,pl POL,33-131,90,7,2,5,85.7,2.3,7,19,36.8,21,8,52.4,39.9,10,80.0,57.4,25,1,4.0,0,11.5,17376543,Rafał Gikiewicz,,True
Hoffenheim,Wolfsburg,1615041000,be BEL,28-254,90,4,2,2,50.0,1.2,1,6,16.7,26,4,19.2,30.3,5,20.0,27.2,13,0,0.0,7,26.5,db401046,Koen Casteels,,True
Freiburg,RB Leipzig,1615041000,hu HUN,30-304,90,1,0,1,100.0,0.0,2,6,33.3,24,3,25.0,34.1,4,0.0,15.0,9,1,11.1,2,17.8,bcb2ccd8,Péter Gulácsi,,True
Bayern Munich,Dortmund,1615051800,ch SUI,33-169,90,9,4,5,66.7,3.2,10,19,52.6,20,5,55.0,36.5,16,50.0,36.2,24,0,0.0,0,5.5,2e7ff968,Marwin Hitz,,True
Köln,Werder Bremen,1615127400,cz CZE,28-327,90,4,1,3,75.0,1.1,9,22,40.9,16,2,81.3,49.6,13,69.2,46.5,34,1,2.9,0,7.3,0a1cb833,Jiří Pavlenka,,True
Arminia,Union Berlin,1615136400,de GER,33-362,90,2,0,2,100.0,0.2,3,9,33.3,35,7,22.9,25.7,1,100.0,63.0,13,0,0.0,1,15.1,7fe12375,Andreas Luthe,,True
Arminia,Werder Bremen,1615397400,cz CZE,28-330,90,8,0,8,100.0,2.1,6,17,35.3,17,4,52.9,39.0,16,50.0,40.1,19,0,0.0,0,,0a1cb833,Jiří Pavlenka,,True
Augsburg,Mönchengladbach,1615577400,ch SUI,32-085,90,3,3,0,0.0,1.2,4,6,66.7,32,5,12.5,23.5,8,25.0,21.4,4,0,0.0,1,19.0,420c18a1,Yann Sommer,,True
Union Berlin,Köln,1615645800,de GER,27-305,90,6,2,4,83.3,3.2,3,9,33.3,33,3,24.2,31.3,2,50.0,35.0,17,0,0.0,0,5.5,3cd9e95a,Timo Horn,,True
Werder Bremen,Bayern Munich,1615645800,de GER,34-351,90,4,1,3,75.0,0.9,3,3,100.0,21,6,14.3,26.8,3,0.0,30.0,8,0,0.0,3,21.8,8778c910,Manuel Neuer,,True
Wolfsburg,Schalke 04,1615645800,dk DEN,28-221,90,7,5,3,28.6,2.4,4,11,36.4,37,11,24.3,29.0,7,28.6,31.6,10,0,0.0,1,11.8,a70b8345,Frederik Rønnow,,True
Mainz 05,Freiburg,1615645800,de GER,23-120,90,7,1,6,85.7,1.3,4,20,20.0,51,7,29.4,30.4,6,83.3,61.5,10,0,0.0,2,26.7,cbac6ec9,Florian Müller,,True
Dortmund,Hertha BSC,1615656600,no NOR,36-165,90,4,2,2,50.0,0.6,3,10,30.0,21,5,28.6,34.3,11,36.4,36.2,17,0,0.0,0,9.3,27d2618c,Rune Jarstein,,True
Bayer Leverkusen,Arminia,1615725000,de GER,28-128,90,5,1,4,80.0,1.2,21,38,55.3,39,3,66.7,46.2,12,100.0,62.8,22,2,9.1,2,15.0,c1242d4e,Stefan Ortega,,True
RB Leipzig,Eintracht Frankfurt,1615732200,de GER,30-249,90,8,1,7,87.5,2.2,8,29,27.6,45,8,53.3,39.9,6,83.3,64.3,15,0,0.0,4,16.6,ce17b5eb,Kevin Trapp,,True
Stuttgart,Hoffenheim,1615741200,de GER,30-285,90,4,2,3,50.0,1.2,5,18,27.8,49,10,30.6,28.7,6,50.0,29.5,12,1,8.3,3,16.0,47064058,Oliver Baumann,,True
Arminia,RB Leipzig,1616182200,hu HUN,30-317,90,0,0,0,,0.0,3,3,100.0,27,6,7.4,23.4,4,25.0,25.8,8,1,12.5,2,18.0,bcb2ccd8,Péter Gulácsi,,True
Bayern Munich,Stuttgart,1616250600,ch SUI,23-104,90,7,4,3,42.9,3.6,1,2,50.0,20,7,10.0,19.9,7,0.0,22.7,5,1,20.0,2,20.3,cd59b9df,Gregor Kobel,,True
Werder Bremen,Wolfsburg,1616250600,be BEL,28-268,90,4,1,3,75.0,1.3,7,20,35.0,36,4,44.4,35.7,6,66.7,53.8,10,0,0.0,1,26.0,db401046,Koen Casteels,,True
Köln,Dortmund,1616250600,ch SUI,33-183,90,2,2,0,50.0,1.1,4,5,80.0,24,4,16.7,24.0,5,20.0,25.8,19,2,10.5,1,9.0,2e7ff968,Marwin Hitz,,True
Eintracht Frankfurt,Union Berlin,1616250600,de GER,34-010,90,5,5,1,0.0,2.8,3,14,21.4,35,5,28.6,29.2,6,66.7,42.0,11,1,9.1,3,22.6,7fe12375,Andreas Luthe,,True
Schalke 04,Mönchengladbach,1616261400,ch SUI,32-093,90,1,0,1,100.0,0.1,5,7,71.4,38,4,18.4,27.6,3,0.0,16.3,8,0,0.0,1,29.0,420c18a1,Yann Sommer,,True
Hoffenheim,Mainz 05,1616329800,de GER,26-144,90,2,1,1,50.0,0.6,4,20,20.0,26,7,57.7,42.0,8,62.5,50.8,11,2,18.2,0,6.3,5c4bf6ba,Robin Zentner,,True
Hertha BSC,Bayer Leverkusen,1616337000,de GER,22-055,90,9,3,6,66.7,3.5,1,2,50.0,23,5,8.7,21.7,5,0.0,19.6,5,0,0.0,2,13.4,37998008,Lennart Grill,,True
Freiburg,Augsburg,1616346000,pl POL,33-146,90,5,2,3,60.0,1.4,6,16,37.5,23,3,52.2,42.1,8,50.0,43.1,15,0,0.0,0,7.0,17376543,Rafał Gikiewicz,,True
Wolfsburg,Köln,1617456600,de GER,27-326,90,5,1,4,80.0,1.0,3,10,30.0,32,4,31.3,35.0,8,0.0,26.8,21,0,0.0,0,,3cd9e95a,Timo Horn,,True
Mainz 05,Arminia,1617456600,de GER,28-148,90,5,1,4,100.0,1.7,13,39,33.3,56,2,57.1,45.8,10,70.0,49.8,10,1,10.0,5,21.1,c1242d4e,Stefan Ortega,,True
Dortmund,Eintracht Frankfurt,1617456600,de GER,30-269,90,5,1,4,80.0,1.3,6,20,30.0,30,6,50.0,37.7,13,38.5,39.3,25,0,0.0,2,17.5,ce17b5eb,Kevin Trapp,,True
Augsburg,Hoffenheim,1617456600,de GER,30-305,90,2,2,0,0.0,1.1,2,6,33.3,37,6,13.5,23.0,5,20.0,24.6,6,0,0.0,2,22.5,47064058,Oliver Baumann,,True
Bayer Leverkusen,Schalke 04,1617456600,dk DEN,28-242,90,3,2,1,33.3,1.6,5,8,62.5,21,3,28.6,30.8,6,33.3,35.0,12,0,0.0,3,26.2,a70b8345,Frederik Rønnow,,True
RB Leipzig,Bayern Munich,1617467400,de GER,35-007,90,2,0,2,100.0,0.1,8,17,47.1,48,4,29.2,33.3,11,27.3,31.3,17,1,5.9,0,8.3,8778c910,Manuel Neuer,,True
Mönchengladbach,Freiburg,1617474600,de GER,23-141,90,6,2,4,66.7,1.4,5,13,38.5,47,11,21.3,29.3,7,42.9,41.0,7,0,0.0,0,15.0,cbac6ec9,Florian Müller,,True
Stuttgart,Werder Bremen,1617543000,cz CZE,28-355,90,3,1,3,66.7,0.3,6,18,33.3,31,9,41.9,31.7,10,50.0,40.5,16,1,6.3,3,23.8,0a1cb833,Jiří Pavlenka,,True
Union Berlin,Hertha BSC,1617552000,de GER,28-306,90,3,1,2,66.7,1.0,8,18,44.4,31,8,35.5,34.0,8,87.5,53.0,21,1,4.8,1,11.5,0d55d942,Alexander Schwolow,,True
Arminia,Freiburg,1617993000,de GER,23-147,90,4,1,4,75.0,0.3,7,19,36.8,46,9,34.8,32.5,10,30.0,33.8,13,1,7.7,0,11.5,cbac6ec9,Florian Müller,,True
Eintracht Frankfurt,Wolfsburg,1618061400,be BEL,28-289,90,5,4,1,20.0,1.1,6,18,33.3,36,9,41.7,36.6,5,60.0,51.2,10,1,10.0,0,9.3,db401046,Koen Casteels,,True
Bayern Munich,Union Berlin,1618061400,de GER,34-031,90,2,1,1,50.0,0.3,7,18,38.9,42,4,31.0,29.3,13,38.5,30.9,14,1,7.1,0,7.4,7fe12375,Andreas Luthe,,True
Hertha BSC,Mönchengladbach,1618061400,ch SUI,32-114,12,1,,1,,0.0,,,,,2,,,,,,1,,,,,420c18a1,Yann Sommer,,True
Hertha BSC,Mönchengladbach,1618061400,de GER,33-019,74,6,2,4,66.7,1.4,7,18,38.9,19,1,42.1,40.7,12,83.3,55.3,27,0,0.0,0,5.3,0d8a37c2,Tobias Sippel,,True
Werder Bremen,RB Leipzig,1618061400,hu HUN,30-339,90,2,1,1,100.0,1.1,5,9,55.6,40,6,17.5,26.9,11,18.2,25.7,8,0,0.0,1,9.5,bcb2ccd8,Péter Gulácsi,,True
Stuttgart,Dortmund,1618072200,ch SUI,33-204,90,3,2,1,33.3,1.7,7,16,43.8,36,10,27.8,33.1,11,54.5,42.8,12,1,8.3,0,5.0,2e7ff968,Marwin Hitz,,True
Schalke 04,Augsburg,1618147800,pl POL,33-167,90,2,1,1,50.0,1.2,3,6,50.0,25,4,12.0,23.3,4,75.0,49.5,11,3,27.3,2,13.8,17376543,Rafał Gikiewicz,,True
Köln,Mainz 05,1618156800,de GER,26-165,90,4,2,2,75.0,1.5,9,21,42.9,24,5,54.2,41.5,10,80.0,59.9,22,0,0.0,1,17.3,5c4bf6ba,Robin Zentner,,True
Hoffenheim,Bayer Leverkusen,1618252200,fi FIN,31-139,90,0,0,0,,0.0,5,9,55.6,39,5,23.1,33.3,3,0.0,16.7,13,0,0.0,3,25.7,ad3389d5,Lukáš Hrádecký,,True
RB Leipzig,Hoffenheim,1618597800,de GER,30-318,90,2,0,2,100.0,0.2,9,18,50.0,42,3,40.5,36.0,11,9.1,24.3,17,3,17.6,4,14.3,47064058,Oliver Baumann,,True
Wolfsburg,Bayern Munich,1618666200,de GER,35-021,90,3,2,1,33.3,2.1,5,16,31.3,42,6,33.3,33.9,9,22.2,34.0,14,0,0.0,2,25.5,8778c910,Manuel Neuer,,True
Freiburg,Schalke 04,1618666200,de GER,32-202,90,8,4,4,62.5,3.0,2,8,25.0,27,9,25.9,23.7,2,50.0,36.0,17,0,0.0,2,18.7,1e43fad8,Ralf Fährmann,,True
Mönchengladbach,Eintracht Frankfurt,1618666200,de GER,30-283,90,4,4,0,0.0,1.3,4,12,33.3,26,4,26.9,27.2,11,45.5,40.9,17,0,0.0,2,22.7,ce17b5eb,Kevin Trapp,,True
Union Berlin,Stuttgart,1618666200,ch SUI,23-132,90,4,2,2,50.0,1.2,4,8,50.0,27,6,22.2,25.4,5,40.0,34.2,12,0,0.0,1,32.0,cd59b9df,Gregor Kobel,,True
Augsburg,Arminia,1618666200,de GER,28-162,90,3,0,3,100.0,0.7,10,26,38.5,81,5,32.1,31.0,7,0.0,17.1,14,0,0.0,2,18.0,c1242d4e,Stefan Ortega,,True
Bayer Leverkusen,Köln,1618677000,de GER,27-340,90,5,3,2,40.0,2.5,1,6,16.7,37,2,16.2,24.9,3,0.0,21.3,6,0,0.0,0,,3cd9e95a,Timo Horn,,True
Dortmund,Werder Bremen,1618752600,cz CZE,29-004,90,8,4,4,62.5,3.2,3,9,33.3,22,6,27.3,29.4,9,33.3,39.8,17,1,5.9,0,8.3,0a1cb833,Jiří Pavlenka,,True
Köln,RB Leipzig,1618936200,hu HUN,30-349,90,3,2,1,33.3,0.9,3,3,100.0,32,5,9.4,22.7,2,0.0,13.0,10,0,0.0,7,27.7,bcb2ccd8,Péter Gulácsi,,True
Eintracht Frankfurt,Augsburg,1618943400,pl POL,33-176,90,4,2,2,50.0,1.3,3,12,25.0,28,7,32.1,34.9,10,30.0,30.9,24,2,8.3,0,9.5,17376543,Rafał Gikiewicz,,True
Bayern Munich,Bayer Leverkusen,1618943400,fi FIN,31-147,90,8,2,6,75.0,2.3,5,10,50.0,33,11,27.3,31.0,10,10.0,20.1,18,1,5.6,0,8.4,ad3389d5,Lukáš Hrádecký,,True
Arminia,Schalke 04,1618943400,de GER,32-205,90,5,1,3,80.0,2.0,8,18,44.4,33,7,39.4,34.1,7,71.4,47.4,11,0,0.0,1,24.0,1e43fad8,Ralf Fährmann,,True
Hoffenheim,Mönchengladbach,1619029800,de GER,33-030,90,6,3,3,50.0,1.6,8,22,36.4,29,4,37.9,32.7,15,73.3,54.3,19,0,0.0,0,7.5,0d8a37c2,Tobias Sippel,,True
Stuttgart,Wolfsburg,1619029800,be BEL,28-300,90,4,1,2,75.0,2.4,10,27,37.0,32,3,68.8,45.8,5,100.0,68.8,8,1,12.5,2,16.8,db401046,Koen Casteels,,True
Werder Bremen,Mainz 05,1619029800,de GER,26-175,90,3,0,3,100.0,0.4,8,19,42.1,18,4,55.6,43.6,11,81.8,60.9,30,0,0.0,0,7.7,5c4bf6ba,Robin Zentner,,True
Dortmund,Union Berlin,1619029800,de GER,34-042,90,10,2,7,80.0,3.1,5,8,62.5,29,3,20.7,30.3,12,16.7,23.8,9,1,11.1,0,7.7,7fe12375,Andreas Luthe,,True
Augsburg,Köln,1619202600,de GER,27-346,90,4,2,2,50.0,1.4,7,17,41.2,39,2,41.0,36.7,6,16.7,23.5,22,0,0.0,0,5.0,3cd9e95a,Timo Horn,,True
Mainz 05,Bayern Munich,1619271000,de GER,35-028,90,3,2,1,33.3,0.9,4,9,44.4,34,7,23.5,27.2,2,50.0,40.5,7,0,0.0,2,21.0,8778c910,Manuel Neuer,,True
Freiburg,Hoffenheim,1619271000,de GER,30-326,90,6,1,5,100.0,1.4,2,11,18.2,52,11,19.2,27.1,7,14.3,21.6,21,0,0.0,0,5.0,47064058,Oliver Baumann,,True
Union Berlin,Werder Bremen,1619271000,cz CZE,29-010,90,6,3,3,50.0,2.4,4,14,28.6,17,3,47.1,36.2,7,85.7,57.9,20,0,0.0,0,,0a1cb833,Jiří Pavlenka,,True
Wolfsburg,Dortmund,1619271000,ch SUI,33-218,90,2,0,2,100.0,0.3,9,24,37.5,25,2,40.0,39.3,19,73.7,56.3,20,0,0.0,0,,2e7ff968,Marwin Hitz,,True
Bayer Leverkusen,Eintracht Frankfurt,1619281800,de GER,30-290,90,9,3,6,66.7,2.1,9,23,39.1,62,6,32.3,32.0,10,30.0,29.9,12,1,8.3,1,15.0,ce17b5eb,Kevin Trapp,,True
RB Leipzig,Stuttgart,1619357400,ch SUI,23-140,90,11,2,9,90.9,4.5,6,19,31.6,44,7,31.8,30.0,14,35.7,35.6,29,0,0.0,0,,cd59b9df,Gregor Kobel,,True
Mönchengladbach,Arminia,1619366400,de GER,28-170,90,12,5,7,66.7,5.3,7,25,28.0,57,1,36.8,35.0,6,66.7,56.5,12,0,0.0,2,21.5,c1242d4e,Stefan Ortega,,True
Mainz 05,Hertha BSC,1620057600,de GER,28-335,90,9,1,8,88.9,4.0,7,13,53.8,29,10,31.0,34.0,7,57.1,43.4,16,1,6.3,1,10.3,0d55d942,Alexander Schwolow,,True
Hertha BSC,Freiburg,1620318600,de GER,23-174,90,6,3,3,50.0,2.7,4,7,57.1,32,4,18.8,24.4,9,11.1,26.9,4,0,0.0,3,29.3,cbac6ec9,Florian Müller,,True
Stuttgart,Augsburg,1620412200,pl POL,33-193,90,7,2,5,71.4,1.5,4,19,21.1,28,6,50.0,37.3,6,83.3,50.7,7,1,14.3,2,16.8,17376543,Rafał Gikiewicz,,True
Hoffenheim,Schalke 04,1620480600,de GER,32-223,90,12,4,8,66.7,2.8,2,22,9.1,32,9,50.0,39.3,9,66.7,51.8,22,0,0.0,0,9.5,1e43fad8,Ralf Fährmann,,True
Wolfsburg,Union Berlin,1620480600,de GER,34-059,90,8,3,5,62.5,2.0,5,11,45.5,22,2,31.8,31.6,8,50.0,34.9,11,0,0.0,1,23.5,7fe12375,Andreas Luthe,,True
Dortmund,RB Leipzig,1620480600,hu HUN,31-002,90,4,3,1,25.0,1.5,5,8,62.5,27,4,25.9,30.7,9,11.1,26.7,14,0,0.0,1,28.0,bcb2ccd8,Péter Gulácsi,,True
Werder Bremen,Bayer Leverkusen,1620480600,fi FIN,31-165,90,1,0,1,100.0,0.1,6,14,42.9,31,10,32.3,30.4,11,36.4,28.6,17,3,17.6,2,14.1,ad3389d5,Lukáš Hrádecký,,True
Bayern Munich,Mönchengladbach,1620491400,ch SUI,32-142,90,7,6,1,28.6,3.5,4,7,57.1,30,6,16.7,27.8,11,18.2,23.5,12,0,0.0,3,24.0,420c18a1,Yann Sommer,,True
Köln,Freiburg,1620559800,nl NED,27-330,90,2,1,1,50.0,1.0,12,26,46.2,34,2,50.0,42.7,9,100.0,73.6,14,0,0.0,1,16.7,a92ab7be,Mark Flekken,,True
Eintracht Frankfurt,Mainz 05,1620567000,de GER,26-193,90,3,1,2,66.7,0.7,10,28,35.7,25,2,76.0,49.6,13,69.2,52.3,25,0,0.0,0,4.0,5c4bf6ba,Robin Zentner,,True
Hertha BSC,Arminia,1620576000,de GER,28-184,90,4,0,4,100.0,0.4,13,35,37.1,41,2,65.9,46.9,9,88.9,61.9,13,0,0.0,0,10.0,c1242d4e,Stefan Ortega,,True
Schalke 04,Hertha BSC,1620835200,de GER,28-344,90,1,1,0,0.0,0.4,4,7,57.1,20,3,20.0,34.8,11,27.3,33.2,10,0,0.0,0,13.0,0d55d942,Alexander Schwolow,,True
Arminia,Hoffenheim,1621085400,de GER,36-014,90,6,1,5,83.3,1.9,6,11,54.5,37,11,29.7,27.6,8,0.0,15.9,14,0,0.0,1,26.0,c41f7379,Philipp Pentke,,True
Schalke 04,Eintracht Frankfurt,1621085400,de GER,30-311,90,6,4,1,33.3,3.9,2,3,66.7,15,2,13.3,27.8,6,16.7,34.3,1,0,0.0,1,14.6,ce17b5eb,Kevin Trapp,,True
Freiburg,Bayern Munich,1621085400,de GER,24-227,90,4,2,2,50.0,1.1,1,3,33.3,28,2,10.7,23.4,8,0.0,20.4,12,1,8.3,0,7.7,afb0c500,Alexander Nübel,,True
Augsburg,Werder Bremen,1621085400,cz CZE,29-031,90,5,2,3,80.0,1.8,4,7,57.1,26,6,19.2,26.8,8,25.0,31.5,15,1,6.7,2,18.4,0a1cb833,Jiří Pavlenka,,True
Mönchengladbach,Stuttgart,1621085400,ch SUI,23-160,90,4,1,3,75.0,1.1,3,10,30.0,31,6,25.8,25.9,5,40.0,35.4,7,1,14.3,1,16.7,cd59b9df,Gregor Kobel,,True
Bayer Leverkusen,Union Berlin,1621085400,de GER,34-066,90,4,1,3,75.0,1.2,7,9,77.8,33,3,12.1,24.7,7,71.4,45.1,15,0,0.0,3,15.2,7fe12375,Andreas Luthe,,True
Hertha BSC,Köln,1621085400,de GER,28-003,90,1,0,1,100.0,0.3,2,2,100.0,19,5,5.3,21.5,5,20.0,26.4,5,0,0.0,1,18.0,3cd9e95a,Timo Horn,,True
Mainz 05,Dortmund,1621180800,ch SUI,30-183,90,5,1,4,100.0,1.5,3,9,33.3,23,4,26.1,36.4,8,37.5,39.9,13,1,7.7,2,24.7,9d12e142,Roman Bürki,,True
RB Leipzig,Wolfsburg,1621189800,be BEL,28-325,90,4,2,2,75.0,1.6,5,17,29.4,34,2,29.4,32.2,9,77.8,56.0,20,1,5.0,2,23.3,db401046,Koen Casteels,,True
Wolfsburg,Mainz 05,1621690200,de GER,23-056,90,5,2,3,60.0,1.0,3,11,27.3,27,5,29.6,31.0,9,33.3,35.0,19,0,0.0,2,18.0,dee3013b,Finn Dahmen,,True
Stuttgart,Arminia,1621690200,de GER,28-197,90,0,0,0,,0.0,19,37,51.4,33,2,90.9,59.2,9,77.8,60.2,13,1,7.7,0,8.5,c1242d4e,Stefan Ortega,,True
Union Berlin,RB Leipzig,1621690200,es ESP,22-360,90,4,2,2,50.0,0.9,3,13,23.1,44,4,29.5,29.4,6,0.0,15.0,13,0,0.0,2,20.2,11d8aff0,Josep Martinez,,True
Köln,Schalke 04,1621690200,de GER,32-237,90,10,1,9,90.0,2.0,11,36,30.6,32,5,78.1,48.0,11,100.0,59.1,31,1,3.2,1,14.0,1e43fad8,Ralf Fährmann,,True
Werder Bremen,Mönchengladbach,1621690200,ch SUI,32-156,90,8,2,6,75.0,2.3,5,8,62.5,23,5,26.1,26.5,7,28.6,27.6,12,1,8.3,1,12.7,420c18a1,Yann Sommer,,True
Bayern Munich,Augsburg,1621690200,pl POL,33-208,90,13,5,9,61.5,4.2,12,21,57.1,17,4,52.9,42.4,12,100.0,60.8,26,0,0.0,2,14.3,17376543,Rafał Gikiewicz,,True
Dortmund,Bayer Leverkusen,1621690200,fi FIN,31-179,90,3,3,0,0.0,0.9,0,2,0.0,23,7,8.7,25.9,6,0.0,30.5,6,1,16.7,2,15.2,ad3389d5,Lukáš Hrádecký,,True
Hoffenheim,Hertha BSC,1621690200,de GER,28-354,90,4,2,2,50.0,1.7,2,5,40.0,27,4,14.8,30.8,12,8.3,23.7,17,1,5.9,0,7.8,0d55d942,Alexander Schwolow,,True
Eintracht Frankfurt,Freiburg,1621690200,nl NED,27-343,90,10,3,7,80.0,3.2,10,20,50.0,31,4,35.5,34.2,11,81.8,61.7,23,0,0.0,1,11.8,a92ab7be,Mark Flekken,,True
